ID,Name,position,team,goals_scored,saves_per_90,penalties_saved,own_goals,clean_sheets,saves,minutes,yellow_cards,red_cards,Goals,Wins,Losses,Goals Conceded,Tackles,Tackle success %,Interceptions,Recoveries,Duels won,Duels lost,Aerial battles won,Aerial battles lost,Assists,Passes,Big Chances Created,Cross accuracy %,Accurate long balls,Fouls,Headed goals,Shots,Shots on target,Shooting accuracy %,Big chances missed,Saves
1,Folarin Balogun,FWD,Arsenal,0,0,0,0,0,0,0,0,0,0,0,0,,0,,0,,,,,,0,0,0,,,0,0,0,0,0%,0,
2,Mohamed Elneny,MID,Arsenal,0,0,0,0,0,0,1,0,0,0,3,0,,0,0%,1,2,1,3,1,1,0,40,0,0%,0,1,0,2,1,50%,0,
3,Kai Havertz,MID,Arsenal,4,0,0,0,4,0,1092,5,0,13,28,4,,35,43%,20,122,197,220,105,105,7,932,8,17%,8,49,3,69,28,41%,13,
4,Jakub Kiwior,DEF,Arsenal,0,0,0,0,1,0,247,0,0,1,17,1,8,20,60%,8,35,40,29,16,11,3,544,1,25%,21,10,1,,,,,
5,Eddie Nketiah,FWD,Arsenal,5,0,0,0,6,0,842,3,0,5,18,5,,12,,4,,,,,,2,209,2,,,24,0,38,12,32%,4,
6,Martin Ødegaard,MID,Arsenal,4,0,0,0,6,0,1329,1,0,8,26,4,,49,35%,15,158,125,176,3,9,10,"1,900",17,39%,45,30,0,77,23,30%,4,
7,Martin Ødegaard,MID,Arsenal,4,0,0,0,6,0,1329,1,0,8,26,4,,49,35%,15,158,125,176,3,9,10,"1,900",17,39%,45,30,0,77,23,30%,4,
8,Thomas Partey,MID,Arsenal,0,0,0,0,1,0,250,0,0,0,12,0,,14,79%,11,56,36,33,7,8,0,621,0,100%,25,10,0,8,2,25%,0,
9,Nicolas Pépé,MID,Arsenal,0,0,0,0,0,0,0,0,0,0,0,0,,0,,0,,,,,,0,0,0,,,0,0,0,0,0%,0,
10,Nicolas Pépé,MID,Arsenal,0,0,0,0,0,0,0,0,0,0,0,0,,0,,0,,,,,,0,0,0,,,0,0,0,0,0%,0,
11,Aaron Ramsdale,GKP,Arsenal,0,1.2,0,0,2,6,450,0,0,0,5,0,5,,,,,,,,,0,158,,,23,0,,,,,,9
12,Bukayo Saka,MID,Arsenal,5,0,0,0,6,0,1483,2,0,16,25,5,,66,,15,,,,,,9,"1,310",15,,,41,1,108,37,34%,11,
13,William Saliba,DEF,Arsenal,1,0,0,0,7,0,1620,1,0,2,28,5,29,41,63%,29,213,139,94,72,49,1,"2,839",0,33%,68,22,2,,,,,
14,Emile Smith Rowe,MID,Arsenal,0,0,0,0,1,0,105,0,0,0,9,2,,4,25%,3,15,12,19,3,5,1,211,0,0%,1,5,0,15,7,47%,1,
15,Kieran Tierney,DEF,Arsenal,0,0,0,0,0,0,0,0,0,0,0,0,0,0,0%,0,0,0,0,0,0,0,0,0,0%,0,0,0,,,,,
16,Takehiro Tomiyasu,DEF,Arsenal,1,0,0,0,3,0,583,0,1,2,17,3,10,20,45%,18,54,57,50,26,20,1,608,0,36%,16,14,0,,,,,
17,Leandro Trossard,MID,Arsenal,3,0,0,0,2,0,556,0,0,12,25,5,,27,,8,,,,,,1,606,3,,,15,1,60,22,37%,7,
18,Granit Xhaka,MID,Arsenal,0,0,0,0,0,0,0,0,0,0,0,0,,0,0%,0,0,0,0,0,0,0,0,0,0%,0,0,0,0,0,0%,0,
19,Oleksandr Zinchenko,DEF,Arsenal,1,0,0,0,6,0,1139,2,0,1,19,4,15,50,60%,20,104,93,60,27,16,2,"1,411",5,17%,53,7,0,,,,,
20,Declan Rice,MID,Arsenal,3,0,0,0,7,0,1563,2,0,7,28,5,,83,61%,44,178,156,143,39,46,8,"2,227",9,35%,78,34,2,58,20,34%,2,
21,Reiss Nelson,MID,Arsenal,0,0,0,0,0,0,63,0,0,0,11,3,,9,67%,1,22,16,22,0,5,0,127,1,21%,2,5,0,4,1,25%,0,
22,Jurriën Timber,DEF,Arsenal,0,0,0,0,0,0,49,1,0,0,2,0,0,2,100%,0,4,4,5,1,1,0,67,0,0%,1,3,0,,,,,
23,Karl Hein,GKP,Arsenal,0,0,0,0,0,0,0,0,0,0,0,0,0,,,,,,,,,0,0,,,0,0,,,,,,0
24,Reuell Walters,DEF,Arsenal,0,0,0,0,0,0,0,0,0,0,0,0,0,0,0%,0,0,0,0,0,0,0,0,0,0%,0,0,0,,,,,
25,Bradley Ibrahim,MID,Arsenal,0,0,0,0,0,0,0,0,0,0,0,0,,0,0%,0,0,0,0,0,0,0,0,0,0%,0,0,0,0,0,0%,0,
26,Myles Lewis-Skelly,MID,Arsenal,0,0,0,0,0,0,0,0,0,0,0,0,,0,0%,0,0,0,0,0,0,0,0,0,0%,0,0,0,0,0,0%,0,
27,Leon Bailey,MID,Aston Villa,5,0,0,0,3,0,693,3,0,10,18,9,,13,54%,9,107,110,156,15,24,9,701,12,23%,27,26,0,53,18,34%,1,
28,Matty Cash,DEF,Aston Villa,2,0,0,1,3,0,1262,5,0,2,16,7,36,54,57%,18,110,103,114,15,21,2,"1,028",6,23%,31,30,0,,,,,
29,Keinan Davis,FWD,Aston Villa,0,0,0,0,0,0,0,0,0,0,0,0,,0,,0,,,,,,0,0,0,,,0,0,0,0,0%,0,
30,Leander Dendoncker,MID,Aston Villa,0,0,0,0,0,0,32,0,0,1,6,2,,6,67%,2,4,11,8,4,5,0,56,0,0%,3,1,0,2,1,50%,0,
31,Lucas Digne,DEF,Aston Villa,0,0,0,0,5,0,1472,5,0,1,17,9,41,47,40%,26,101,129,101,42,25,3,"1,013",5,23%,21,29,1,,,,,
32,Jhon Durán,FWD,Aston Villa,2,0,0,0,0,0,136,4,0,5,11,5,,6,,1,,,,,,0,114,0,,,12,0,20,7,35%,1,
33,Tim Iroegbunam,MID,Aston Villa,0,0,0,0,0,0,0,0,0,0,4,4,,7,71%,2,15,14,19,2,0,0,55,0,0%,0,9,0,0,0,0%,0,
34,Tim Iroegbunam,MID,Aston Villa,0,0,0,0,0,0,0,0,0,0,4,4,,7,71%,2,15,14,19,2,0,0,55,0,0%,0,9,0,0,0,0%,0,
35,Boubacar Kamara,MID,Aston Villa,0,0,0,0,5,0,1347,6,1,0,13,5,,43,67%,21,97,105,108,20,25,1,"1,024",1,0%,41,35,0,5,1,20%,0,
36,John McGinn,MID,Aston Villa,4,0,0,0,4,0,1531,4,0,6,19,9,,59,59%,21,161,191,191,9,19,4,"1,142",10,34%,73,39,0,40,16,40%,3,
37,Robin Olsen,GKP,Aston Villa,0,1,0,0,0,1,90,0,0,0,1,3,13,,,,,,,,,0,184,,,20,0,,,,,,21
38,Jacob Ramsey,MID,Aston Villa,1,0,0,0,0,0,312,0,0,1,11,3,,16,50%,3,42,41,52,5,3,1,310,1,18%,0,7,0,19,5,26%,2,
39,Morgan Sanson,MID,Aston Villa,0,0,0,0,0,0,0,0,0,0,0,0,,0,0%,0,0,0,0,0,0,0,0,0,0%,0,0,0,0,0,0%,0,
40,Viljami Sinisalo,GKP,Aston Villa,0,0,0,0,0,0,0,0,0,0,0,0,0,,,,,,,,,0,0,,,0,0,,,,,,0
41,Youri Tielemans,MID,Aston Villa,0,0,0,0,1,0,555,0,0,2,18,7,,41,49%,15,97,98,86,13,9,6,907,5,6%,36,22,0,14,6,43%,1,
42,Bertrand Traoré,MID,Aston Villa,0,0,0,0,0,0,10,0,0,0,2,0,,1,,0,,,,,,0,3,0,,,0,0,0,0,0%,0,
43,Bertrand Traoré,MID,Aston Villa,0,0,0,0,0,0,10,0,0,0,2,0,,1,,0,,,,,,0,3,0,,,0,0,0,0,0%,0,
44,Ollie Watkins,FWD,Aston Villa,9,0,0,0,4,0,1579,3,0,19,20,9,,12,,4,,,,,,13,590,11,,,22,5,107,47,44%,22,
45,Pau Torres,DEF,Aston Villa,2,0,0,0,4,0,1489,1,0,2,18,5,37,29,62%,14,127,79,76,23,22,0,"1,770",1,38%,85,18,1,,,,,
46,Moussa Diaby,MID,Aston Villa,3,0,0,0,4,0,1192,0,0,6,20,10,,12,,9,,,,,,8,569,13,,,16,0,54,23,43%,7,
47,Omari Kellyman,MID,Aston Villa,0,0,0,0,0,0,0,0,0,0,0,2,,1,0%,0,2,1,2,0,1,0,7,0,0%,0,0,0,1,0,0%,0,
48,Filip Marschall,GKP,Aston Villa,0,0,0,0,0,0,0,0,0,0,0,0,0,,,,,,,,,0,0,,,0,0,,,,,,0
49,Nicolò Zaniolo,MID,Aston Villa,1,0,0,0,1,0,484,4,0,2,11,7,,19,47%,1,36,60,112,7,14,0,208,0,0%,3,24,1,27,10,37%,3,
50,Oliwier Zych,GKP,Aston Villa,0,0,0,0,0,0,0,0,0,0,0,0,0,,,,,,,,,0,0,,,0,0,,,,,,0
51,Clément Lenglet,DEF,Aston Villa,0,0,0,0,0,0,90,0,0,0,5,6,27,13,69%,7,37,43,25,15,11,1,910,1,0%,51,3,0,,,,,
52,Sam Proctor,GKP,Aston Villa,0,0,0,0,0,0,0,0,0,0,0,0,0,,,,,,,,,0,0,,,0,0,,,,,,0
53,Tommi O'Reilly,MID,Aston Villa,0,0,0,0,0,0,0,0,0,0,0,0,,0,0%,0,0,0,0,0,0,0,0,0,0%,0,0,0,0,0,0%,0,
54,Jaidon Anthony,MID,Bournemouth,0,0,0,0,0,0,151,1,0,0,0,2,,3,,1,,,,,,0,43,0,,,4,0,2,1,50%,0,
55,Ryan Christie,MID,Bournemouth,0,0,0,0,4,0,1322,2,0,0,12,16,,86,51%,52,231,196,225,22,38,5,"1,220",10,26%,88,48,0,43,13,30%,0,
56,Siriki Dembélé,MID,Bournemouth,0,0,0,0,0,0,0,0,0,0,0,0,,0,0%,0,0,0,0,0,0,0,0,0,0%,0,0,0,0,0,0%,0,
57,James Hill,DEF,Bournemouth,0,0,0,0,0,0,15,0,0,0,3,1,1,3,67%,3,7,7,4,4,1,0,34,0,0%,3,1,0,,,,,
58,Lloyd Kelly,DEF,Bournemouth,0,0,0,0,2,0,681,1,0,0,7,11,32,24,79%,13,121,67,52,28,18,1,772,2,24%,55,17,0,,,,,
59,Lloyd Kelly,DEF,Bournemouth,0,0,0,0,2,0,681,1,0,0,7,11,32,24,79%,13,121,67,52,28,18,1,772,2,24%,55,17,0,,,,,
60,Gavin Kilkenny,MID,Bournemouth,0,0,0,0,0,0,0,0,0,0,0,0,,0,0%,0,0,0,0,0,0,0,0,0,0%,0,0,0,0,0,0%,0,
61,Justin Kluivert,MID,Bournemouth,1,0,0,0,4,0,672,1,0,7,10,13,,28,,8,,,,,,1,381,1,,,52,0,56,20,36%,7,
62,Jamal Lowe,MID,Bournemouth,0,0,0,0,0,0,0,0,0,0,0,0,,0,,0,,,,,,0,0,0,,,0,0,0,0,0%,0,
63,Emiliano Marcondes,MID,Bournemouth,0,0,0,0,0,0,0,0,0,0,0,0,,0,0%,0,0,0,0,0,0,0,0,0,0%,0,0,0,0,0,0%,0,
64,Kieffer Moore,FWD,Bournemouth,1,0,0,0,0,0,93,0,0,1,2,5,,0,,0,,,,,,0,40,1,,,5,1,6,2,33%,2,
65,Dango Ouattara,MID,Bournemouth,0,0,0,0,1,0,316,2,0,1,12,12,,45,,22,,,,,,2,448,1,,,15,1,30,7,23%,2,
66,Ben Pearson,MID,Bournemouth,0,0,0,0,0,0,0,0,0,0,0,0,,0,0%,0,0,0,0,0,0,0,0,0,0%,0,0,0,0,0,0%,0,
67,Joe Rothwell,MID,Bournemouth,0,0,0,0,0,0,380,0,0,0,4,6,,7,29%,3,32,16,18,0,2,0,202,0,17%,3,4,0,2,0,0%,0,
68,Antoine Semenyo,FWD,Bournemouth,3,0,0,0,3,0,743,3,0,8,13,13,,24,,6,,,,,,2,587,6,,,43,0,70,31,44%,5,
69,Marcos Senesi,DEF,Bournemouth,2,0,0,0,3,0,1025,4,0,4,9,14,44,55,58%,35,164,114,131,41,41,5,"1,259",2,44%,125,41,3,,,,,
70,Marcus Tavernier,MID,Bournemouth,2,0,0,0,4,0,993,1,0,3,11,12,,53,64%,5,142,132,169,13,31,4,760,7,21%,26,20,0,53,16,30%,3,
71,Mark Travers,GKP,Bournemouth,0,0,0,0,0,0,0,0,0,0,2,2,5,,,,,,,,,0,105,,,23,1,,,,,,13
72,Illia Zabarnyi,DEF,Bournemouth,0,0,0,0,4,0,1530,3,0,1,12,16,67,59,54%,33,153,167,115,77,61,0,"1,802",0,0%,131,24,1,,,,,
73,Milos Kerkez,DEF,Bournemouth,0,0,0,1,3,0,1160,2,0,0,8,12,37,47,55%,20,93,98,88,18,32,1,627,3,20%,22,25,0,,,,,
74,Ben Greenwood,DEF,Bournemouth,0,0,0,0,0,0,0,0,0,0,0,0,0,0,0%,0,0,0,0,0,0,0,0,0,0%,0,0,0,,,,,
75,Max Aarons,DEF,Bournemouth,0,0,0,0,2,0,949,1,0,0,12,62,174,141,66%,73,407,404,383,41,111,4,"2,887",10,21%,94,68,0,,,,,
76,Alex Scott,MID,Bournemouth,0,0,0,0,0,0,230,2,0,1,8,11,,24,63%,12,63,76,89,17,22,1,432,4,19%,15,20,0,15,4,27%,0,
77,Tyler Adams,MID,Bournemouth,0,0,0,0,0,0,0,0,0,0,2,1,,4,75%,4,7,11,4,2,3,0,69,0,0%,4,0,0,0,0,0%,0,
78,Luis Sinisterra,MID,Bournemouth,1,0,0,0,1,0,280,0,0,2,7,7,,23,,8,,,,,,2,281,2,,,11,0,27,9,33%,1,
79,Kristoffer Ajer,DEF,Brentford,0,0,0,0,2,0,723,4,0,2,8,12,33,38,55%,25,60,121,69,65,23,1,722,5,23%,31,25,1,,,,,
80,Ellery Balcombe,GKP,Brentford,0,0,0,0,0,0,0,0,0,0,0,0,0,,,,,,,,,0,0,,,0,0,,,,,,0
81,Shandon Baptiste,MID,Brentford,1,0,0,0,0,0,188,0,0,1,3,6,,4,100%,3,17,13,18,3,6,1,86,1,67%,4,3,0,2,2,100%,0,
82,Mads Bidstrup,MID,Brentford,0,0,0,0,0,0,0,0,0,0,0,0,,0,0%,0,0,0,0,0,0,0,0,0,0%,0,0,0,0,0,0%,0,
83,Mads Bidstrup,MID,Brentford,0,0,0,0,0,0,0,0,0,0,0,0,,0,0%,0,0,0,0,0,0,0,0,0,0%,0,0,0,0,0,0%,0,
84,Nathan Collins,DEF,Brentford,1,0,0,0,3,0,1013,2,0,1,9,14,51,38,53%,44,136,145,72,73,35,1,"1,468",5,25%,69,12,1,,,,,
85,Matthew Cox,GKP,Brentford,0,0,0,0,0,0,0,0,0,0,0,0,0,,,,,,,,,0,0,,,0,0,,,,,,0
86,Mikkel Damsgaard,MID,Brentford,0,0,0,0,1,0,165,0,0,0,5,13,,29,59%,11,57,58,70,12,11,2,394,5,10%,23,14,0,9,4,44%,1,
87,Josh Dasilva,MID,Brentford,0,0,0,0,0,0,9,0,0,0,2,1,,2,50%,0,2,4,8,0,0,0,13,0,17%,0,2,0,0,0,0%,0,
88,Mark Flekken,GKP,Brentford,0,2.71,0,0,3,42,1395,1,0,0,10,18,63,,,,,,,,,1,"1,446",,,321,2,,,,,,115
89,Mark Flekken,GKP,Brentford,0,2.71,0,0,3,42,1395,1,0,0,10,18,63,,,,,,,,,1,"1,446",,,321,2,,,,,,115
90,Charlie Goode,DEF,Brentford,0,0,0,0,0,0,0,0,0,0,0,0,0,0,0%,0,0,0,0,0,0,0,0,0,0%,0,0,0,,,,,
91,Rico Henry,DEF,Brentford,0,0,0,0,1,0,401,1,0,0,1,1,5,7,71%,5,24,24,18,4,6,1,156,2,18%,8,4,0,,,,,
92,Rico Henry,DEF,Brentford,0,0,0,0,1,0,401,1,0,0,1,1,5,7,71%,5,24,24,18,4,6,1,156,2,18%,8,4,0,,,,,
93,Aaron Hickey,DEF,Brentford,0,0,0,0,2,0,713,5,0,0,2,3,12,16,56%,3,42,38,29,2,9,0,252,0,0%,9,10,0,,,,,
94,Vitaly Janelt,MID,Brentford,0,0,0,0,4,0,1376,3,0,1,10,19,,63,60%,36,189,133,100,34,27,3,"1,306",5,34%,60,27,0,21,7,33%,2,
95,Mathias Jensen,MID,Brentford,3,0,0,0,5,0,905,2,0,3,9,15,,54,59%,23,123,96,148,6,11,3,972,9,38%,82,28,0,14,7,50%,0,
96,Keane Lewis-Potter,MID,Brentford,1,0,0,0,1,0,408,0,0,3,7,16,,17,,7,,,,,,1,358,3,,,9,1,43,22,51%,12,
97,Bryan Mbeumo,MID,Brentford,7,0,0,0,3,0,1286,1,0,9,8,9,,15,67%,7,93,106,160,23,45,6,650,6,32%,17,22,0,53,20,38%,9,
98,Christian Nørgaard,MID,Brentford,1,0,0,0,3,0,1390,6,0,2,8,17,,81,62%,54,216,159,159,41,47,1,"1,441",6,27%,60,41,2,35,7,20%,3,
99,Frank Onyeka,MID,Brentford,0,0,0,0,1,0,705,5,0,1,5,14,,37,65%,23,73,89,86,10,23,2,375,2,31%,14,24,0,22,9,41%,2,
100,Ethan Pinnock,DEF,Brentford,1,0,0,0,3,0,1530,0,0,2,10,14,46,35,66%,43,131,165,73,114,51,0,"1,398",1,0%,71,4,2,,,,,
101,Kevin Schade,MID,Brentford,1,0,0,0,1,0,255,0,0,2,4,3,,3,33%,1,23,28,44,17,14,1,88,2,40%,0,10,0,8,4,50%,2,
102,Thomas Strakosha,GKP,Brentford,0,4,0,0,0,6,135,0,0,0,1,1,2,,,,,,,,,0,66,,,16,0,,,,,,6
103,Ivan Toney,FWD,Brentford,0,0,0,0,0,0,0,0,0,4,3,9,,15,,10,,,,,,2,388,3,,,24,0,51,22,43%,11,
104,Ryan Trevitt,MID,Brentford,0,0,0,0,0,0,0,0,0,0,0,0,,0,0%,0,0,0,0,0,0,0,0,0,0%,0,0,0,0,0,0%,0,
105,Yoane Wissa,FWD,Brentford,3,0,0,0,6,0,1368,2,0,12,8,17,,28,57%,9,99,137,141,38,49,3,440,7,24%,12,38,0,67,26,39%,12,
106,Neal Maupay,FWD,Brentford,2,0,0,0,2,0,682,3,0,6,8,19,,10,,2,,,,,,3,398,5,,,20,1,42,20,48%,7,
107,Michael Olakigbe,MID,Brentford,0,0,0,0,0,0,37,0,0,0,1,5,,3,0%,1,7,9,14,1,2,0,32,0,0%,1,2,0,3,1,33%,0,
108,Ethan Brierley,MID,Brentford,0,0,0,0,0,0,0,0,0,0,0,0,,0,0%,0,0,0,0,0,0,0,0,0,0%,0,0,0,0,0,0%,0,
109,Saman Ghoddos,MID,Brentford,1,0,0,0,0,0,511,4,0,1,4,13,,28,,5,,,,,,0,368,1,,,13,0,9,2,22%,0,
110,Valintino Adedokun,DEF,Brentford,0,0,0,0,0,0,0,0,0,0,0,0,0,0,0%,0,0,0,0,0,0,0,0,0,0%,0,0,0,,,,,
111,Myles Peart-Harris,MID,Brentford,0,0,0,0,0,0,7,0,0,0,1,2,,0,0%,0,0,2,9,0,5,0,7,0,0%,0,2,0,0,0,0%,0,
112,Vincent Angelini,GKP,Brentford,0,0,0,0,0,0,0,0,0,0,0,0,0,,,,,,,,,0,0,,,0,0,,,,,,0
113,Simon Adingra,MID,Brighton,4,0,0,0,0,0,1139,2,0,6,9,12,,45,,19,,,,,,1,747,6,,,29,1,52,22,42%,4,
114,Steven Alzate,MID,Brighton,0,0,0,0,0,0,0,0,0,0,0,0,,0,0%,0,0,0,0,0,0,0,0,0,0%,0,0,0,0,0,0%,0,
115,Yasin Ayari,MID,Brighton,0,0,0,0,0,0,0,0,0,0,0,0,,0,0%,0,0,0,0,0,0,0,0,0,0%,0,0,0,0,0,0%,0,
116,Facundo Buonanotte,MID,Brighton,1,0,0,0,0,0,369,3,0,3,7,9,,42,52%,8,66,107,139,6,16,1,469,3,17%,5,34,0,21,9,43%,2,
117,Aaron Connolly,FWD,Brighton,0,0,0,0,0,0,0,0,0,0,0,0,,0,,0,,,,,,0,0,0,,,0,0,0,0,0%,0,
118,Mahmoud Dahoud,MID,Brighton,0,0,0,0,1,0,449,1,1,0,5,0,,9,44%,1,26,13,25,0,5,1,325,2,33%,10,6,0,6,1,17%,0,
119,Julio Enciso,MID,Brighton,0,0,0,0,0,0,68,1,0,0,4,5,,6,,0,,,,,,2,167,4,,,6,0,28,8,29%,2,
120,Pervis Estupiñán,DEF,Brighton,1,0,0,1,0,0,495,2,0,2,8,7,26,26,50%,21,90,64,67,12,14,3,820,4,23%,13,22,0,,,,,
121,Evan Ferguson,FWD,Brighton,6,0,0,0,1,0,913,1,0,6,11,9,,14,,2,,,,,,0,300,1,,,24,0,33,20,61%,4,
122,Billy Gilmour,MID,Brighton,0,0,0,0,2,0,1095,4,0,0,11,10,,26,62%,11,132,75,88,11,21,1,"2,065",3,32%,64,22,0,25,5,20%,0,
123,Pascal Groß,MID,Brighton,3,0,0,0,1,0,1371,3,0,4,11,13,,70,66%,22,144,127,121,14,17,10,"2,927",11,37%,98,23,0,55,20,36%,9,
124,Adam Lallana,MID,Brighton,0,0,0,0,1,0,479,1,0,0,7,8,,8,38%,3,22,25,44,3,5,1,499,2,29%,3,8,0,11,2,18%,0,
125,Tariq Lamptey,DEF,Brighton,0,0,0,0,0,0,171,2,0,0,7,8,20,21,67%,6,32,49,38,4,9,3,371,1,29%,7,11,0,,,,,
126,Tariq Lamptey,DEF,Brighton,0,0,0,0,0,0,171,2,0,0,7,8,20,21,67%,6,32,49,38,4,9,3,371,1,29%,7,11,0,,,,,
127,Tom McGill,GKP,Brighton,0,0,0,0,0,0,0,0,0,0,0,0,0,,,,,,,,,0,0,,,0,0,,,,,,0
128,Kaoru Mitoma,MID,Brighton,3,0,0,0,0,0,1320,4,0,3,7,6,,13,,5,,,,,,4,597,6,,,14,1,34,15,44%,6,
129,Jakub Moder,MID,Brighton,0,0,0,0,0,0,26,0,0,0,6,6,,19,53%,2,40,33,33,3,5,0,289,2,0%,3,8,0,11,3,27%,1,
130,Jakub Moder,MID,Brighton,0,0,0,0,0,0,26,0,0,0,6,6,,19,53%,2,40,33,33,3,5,0,289,2,0%,3,8,0,11,3,27%,1,
131,Kjell Scherpen,GKP,Brighton,0,0,0,0,0,0,0,0,0,0,0,0,0,,,,,,,,,0,0,,,0,0,,,,,,0
132,Kjell Scherpen,GKP,Brighton,0,0,0,0,0,0,0,0,0,0,0,0,0,,,,,,,,,0,0,,,0,0,,,,,,0
133,Deniz Undav,FWD,Brighton,0,0,0,0,0,0,0,0,0,0,0,0,,0,,0,,,,,,0,0,0,,,0,0,0,0,0%,0,
134,Jan Paul van Hecke,DEF,Brighton,0,0,0,0,0,0,1018,2,0,0,9,9,38,47,55%,30,130,135,71,66,34,0,"2,399",0,25%,88,14,0,,,,,
135,Joël Veltman,DEF,Brighton,0,0,0,0,0,0,908,1,0,1,9,10,32,54,76%,18,76,125,69,29,21,1,810,1,0%,30,17,0,,,,,
136,Bart Verbruggen,GKP,Brighton,0,2.89,0,0,0,26,810,1,0,0,7,6,28,,,,,,,,,0,743,,,91,1,,,,,,65
137,Andi Zeqiri,FWD,Brighton,0,0,0,0,0,0,0,0,0,0,0,0,,0,,0,,,,,,0,0,0,,,0,0,0,0,0%,0,
138,Jack Hinshelwood,MID,Brighton,1,0,0,0,0,0,436,1,0,3,4,4,,14,36%,14,33,24,33,7,8,0,435,1,20%,5,11,2,14,8,57%,3,
139,Carlos Baleba,MID,Brighton,0,0,0,0,0,0,519,3,0,0,7,12,,40,50%,18,95,102,90,25,10,0,773,1,0%,18,40,0,21,5,24%,0,
140,Benicio Baker-Boaitey,MID,Brighton,0,0,0,0,0,0,12,0,0,0,1,2,,0,,0,,,,,,0,19,0,,,2,0,1,0,0%,0,
141,Ben Jackson,DEF,Brighton,0,0,0,0,0,0,0,0,0,0,0,0,0,0,0%,0,0,0,0,0,0,0,0,0,0%,0,0,0,,,,,
142,Joshua Duffus,MID,Brighton,0,0,0,0,0,0,0,0,0,0,0,0,,0,,0,,,,,,0,0,0,,,0,0,0,0,0%,0,
143,Joshua Duffus,MID,Brighton,0,0,0,0,0,0,0,0,0,0,0,0,,0,,0,,,,,,0,0,0,,,0,0,0,0,0%,0,
144,Leigh Kavanagh,DEF,Brighton,0,0,0,0,0,0,0,0,0,0,0,0,0,0,0%,0,0,0,0,0,0,0,0,0,0%,0,0,0,,,,,
145,Luca Barrington,MID,Brighton,0,0,0,0,0,0,0,0,0,0,0,0,,0,,0,,,,,,0,0,0,,,0,0,0,0,0%,0,
146,Enock Agyei,MID,Burnley,0,0,0,0,0,0,0,0,0,0,0,0,,0,,0,,,,,,0,0,0,,,0,0,0,0,0%,0,
147,Samuel Bastien,MID,Burnley,0,0,0,0,0,0,0,0,0,0,0,0,,0,0%,0,0,0,0,0,0,0,0,0,0%,0,0,0,0,0,0%,0,
148,Jordan Beyer,DEF,Burnley,0,0,0,0,2,0,1128,6,0,0,3,10,23,35,57%,16,57,73,50,29,26,1,855,1,0%,47,11,0,,,,,
149,Josh Brownhill,MID,Burnley,3,0,0,0,2,0,1319,2,0,4,5,21,,61,57%,34,124,126,101,36,33,2,"1,028",0,23%,44,38,0,28,11,39%,1,
150,Darko Churlinov,MID,Burnley,0,0,0,0,0,0,0,0,0,0,0,0,,0,,0,,,,,,0,0,0,,,0,0,0,0,0%,0,
151,Darko Churlinov,MID,Burnley,0,0,0,0,0,0,0,0,0,0,0,0,,0,,0,,,,,,0,0,0,,,0,0,0,0,0%,0,
152,Dara Costelloe,MID,Burnley,0,0,0,0,0,0,0,0,0,0,0,0,,0,,0,,,,,,0,0,0,,,0,0,0,0,0%,0,
153,Josh Cullen,MID,Burnley,0,0,0,0,0,0,844,5,0,2,3,15,,42,69%,15,141,113,82,21,24,3,"1,341",3,38%,35,24,0,16,5,31%,0,
154,CJ Egan-Riley,DEF,Burnley,0,0,0,0,0,0,0,0,0,0,0,0,0,0,0%,0,0,0,0,0,0,0,0,0,0%,0,0,0,,,,,
155,Hjalmar Ekdal,DEF,Burnley,0,0,0,0,0,0,105,1,0,0,1,3,8,4,50%,6,26,12,21,4,9,0,217,0,0%,6,8,0,,,,,
156,Lyle Foster,FWD,Burnley,3,0,0,0,2,0,718,0,1,5,4,13,,19,,3,,,,,,3,452,1,,,24,0,34,17,50%,6,
157,Denis Franchi,GKP,Burnley,0,0,0,0,0,0,0,0,0,0,0,0,0,,,,,,,,,0,0,,,0,0,,,,,,0
158,Luke McNally,DEF,Burnley,0,0,0,0,0,0,0,0,0,0,0,0,0,0,0%,0,0,0,0,0,0,0,0,0,0%,0,0,0,,,,,
159,Arijanet Muric,GKP,Burnley,0,0,0,0,0,0,0,0,0,0,2,4,16,,,,,,,,,0,526,,,106,0,,,,,,64
160,Dara O'Shea,DEF,Burnley,0,0,0,1,2,0,1207,2,0,3,4,22,71,39,51%,35,140,182,120,127,68,4,"1,732",3,27%,110,36,3,,,,,
161,Dara O'Shea,DEF,Burnley,0,0,0,1,2,0,1207,2,0,3,4,22,71,39,51%,35,140,182,120,127,68,4,"1,732",3,27%,110,36,3,,,,,
162,Michael Obafemi,FWD,Burnley,0,0,0,0,0,0,19,0,0,0,1,1,,0,,0,,,,,,0,5,0,,,0,0,2,0,0%,0,
163,Bobby Thomas,DEF,Burnley,0,0,0,0,0,0,0,0,0,0,0,0,0,0,0%,0,0,0,0,0,0,0,0,0,0%,0,0,0,,,,,
164,Scott Twine,MID,Burnley,0,0,0,0,0,0,0,0,0,0,0,0,,0,0%,0,0,0,0,0,0,0,0,0,0%,0,0,0,0,0,0%,0,
165,Lawrence Vigouroux,GKP,Burnley,0,0,0,0,0,0,0,0,0,0,0,0,0,,,,,,,,,0,0,,,0,0,,,,,,0
166,Wout Weghorst,FWD,Burnley,0,0,0,0,0,0,0,0,0,0,0,0,,0,,0,,,,,,0,0,0,,,0,0,0,0,0%,0,
167,Anass Zaroury,MID,Burnley,0,0,0,0,0,0,135,0,1,0,0,5,,1,,0,,,,,,0,59,0,,,4,0,3,1,33%,0,
168,Sander Berge,MID,Burnley,1,0,0,0,2,0,1327,3,0,1,5,24,,76,61%,23,202,179,150,65,49,2,"1,547",5,8%,83,40,0,25,3,12%,2,
169,Zeki Amdouni,FWD,Burnley,2,0,0,0,4,0,1228,1,0,5,5,23,,27,,9,,,,,,1,488,2,,,22,0,49,22,45%,6,
170,James Trafford,GKP,Burnley,0,3.83,0,0,2,69,1620,1,0,0,3,20,62,,,,,,,,,0,"1,368",,,182,0,,,,,,106
171,Luca Koleosho,MID,Burnley,1,0,0,0,3,0,972,0,0,1,2,12,,7,,2,,,,,,1,246,2,,,18,0,23,5,22%,3,
172,Jacob Bruun Larsen,MID,Burnley,2,0,0,0,1,0,441,0,0,6,5,20,,9,,7,,,,,,0,457,1,,,13,0,44,16,36%,4,
173,Owen Dodgson,DEF,Burnley,0,0,0,0,0,0,0,0,0,0,0,0,0,0,0%,0,0,0,0,0,0,0,0,0,0%,0,0,0,,,,,
174,Wilson Odobert,MID,Burnley,3,0,0,0,1,0,403,2,0,3,3,18,,17,,6,,,,,,2,545,7,,,9,0,49,14,29%,2,
175,Hannes Delcroix,DEF,Burnley,0,0,0,0,0,0,309,1,0,0,2,8,25,10,60%,9,29,21,21,8,10,0,318,0,40%,12,6,0,,,,,
176,Han-Noah Massengo,MID,Burnley,0,0,0,0,0,0,0,0,0,0,0,2,0,1,100%,0,1,1,1,0,1,0,9,0,0%,0,0,0,,,,,
177,Han-Noah Massengo,MID,Burnley,0,0,0,0,0,0,0,0,0,0,0,2,0,1,100%,0,1,1,1,0,1,0,9,0,0%,0,0,0,,,,,
178,Mike Trésor,MID,Burnley,0,0,0,0,0,0,314,0,0,0,2,10,,10,,1,,,,,,0,146,1,,,0,0,5,0,0%,1,
179,Robert Sánchez,GKP,Chelsea,0,3.33,1,0,3,53,1433,2,0,0,5,7,25,,,,,,,,,0,520,,,85,0,,,,,,53
180,Ethan Ampadu,DEF,Chelsea,0,0,0,0,0,0,0,0,0,0,0,0,0,0,0%,0,0,0,0,0,0,0,0,0,0%,0,0,0,,,,,
181,Pierre-Emerick Aubameyang,FWD,Chelsea,0,0,0,0,0,0,0,0,0,0,0,0,,0,,0,,,,,,0,0,0,,,0,0,0,0,0%,0,
182,César Azpilicueta,DEF,Chelsea,0,0,0,0,0,0,0,0,0,0,0,0,0,0,0%,0,0,0,0,0,0,0,0,0,0%,0,0,0,,,,,
183,Benoît Badiashile,DEF,Chelsea,0,0,0,0,1,0,370,1,0,0,9,6,31,21,71%,18,82,55,48,28,22,1,"1,165",2,0%,36,17,0,,,,,
184,Armando Broja,FWD,Chelsea,1,0,0,0,1,0,303,0,0,1,10,8,,3,,0,,,,,,1,119,1,,,9,0,13,2,15%,2,
185,Trevoh Chalobah,DEF,Chelsea,0,0,0,0,0,0,0,0,0,1,8,1,14,16,75%,8,46,39,34,19,23,0,760,0,0%,24,3,1,,,,,
186,Carney Chukwuemeka,MID,Chelsea,1,0,0,0,0,0,125,2,0,1,4,3,,6,67%,0,11,11,22,1,3,1,133,0,0%,1,3,0,3,2,67%,0,
187,Levi Colwill,DEF,Chelsea,1,0,0,0,4,0,1360,2,0,1,10,8,26,48,63%,26,96,114,61,44,20,1,"1,053",3,0%,43,25,1,,,,,
188,Enzo Fernández,MID,Chelsea,2,0,0,0,4,0,1253,4,0,3,11,9,,50,44%,17,122,125,135,21,23,2,"1,795",5,20%,129,33,1,47,16,34%,6,
189,David Datro Fofana,FWD,Chelsea,0,0,0,0,0,0,0,0,0,4,2,8,,10,,1,,,,,,1,168,3,,,17,1,19,10,53%,5,
190,Conor Gallagher,MID,Chelsea,0,0,0,0,4,0,1417,3,1,5,18,10,,85,61%,43,221,212,210,25,28,7,"1,930",11,28%,54,83,0,48,18,38%,5,
191,Malo Gusto,DEF,Chelsea,0,0,0,0,2,0,618,2,1,0,14,6,27,55,49%,17,126,110,89,8,19,6,"1,218",8,27%,30,22,0,,,,,
192,Reece James,DEF,Chelsea,0,0,0,0,0,0,386,0,1,0,3,4,11,14,64%,3,28,36,21,8,5,2,267,7,25%,14,4,0,,,,,
193,Noni Madueke,MID,Chelsea,0,0,0,0,0,0,129,0,0,5,12,7,,16,,4,,,,,,2,454,2,,,8,1,32,13,41%,0,
194,Noni Madueke,MID,Chelsea,0,0,0,0,0,0,129,0,0,5,12,7,,16,,4,,,,,,2,454,2,,,8,1,32,13,41%,0,
195,Mykhailo Mudryk,MID,Chelsea,2,0,0,0,4,0,730,3,0,5,13,10,,21,57%,9,50,94,110,7,14,2,477,6,19%,14,22,0,35,12,34%,4,
196,Christopher Nkunku,FWD,Chelsea,1,0,0,0,0,0,32,0,0,3,7,3,,5,,2,,,,,,0,177,0,,,8,1,16,9,56%,3,
197,Christian Pulisic,MID,Chelsea,0,0,0,0,0,0,0,0,0,0,0,0,,0,0%,0,0,0,0,0,0,0,0,0,0%,0,0,0,0,0,0%,0,
198,Malang Sarr,DEF,Chelsea,0,0,0,0,0,0,0,0,0,0,0,0,0,0,0%,0,0,0,0,0,0,0,0,0,0%,0,0,0,,,,,
199,Raheem Sterling,MID,Chelsea,5,0,0,0,3,0,1419,5,0,8,13,11,,21,,13,,,,,,4,658,7,,,34,0,51,22,43%,11,
200,Hakim Ziyech,MID,Chelsea,0,0,0,0,0,0,0,0,0,0,0,0,,0,0%,0,0,0,0,0,0,0,0,0,0%,0,0,0,0,0,0%,0,
201,Cole Palmer,MID,Chelsea,6,0,0,0,2,0,1060,5,0,22,17,9,,23,52%,20,105,102,128,1,4,11,"1,307",17,20%,69,24,2,109,46,42%,7,
202,Ian Maatsen,MID,Chelsea,0,0,0,0,0,0,143,1,0,0,6,4,5,3,67%,3,11,7,25,3,5,0,119,0,25%,2,5,0,,,,,
203,Axel Disasi,DEF,Chelsea,1,0,0,0,4,0,1416,2,0,2,13,10,50,33,58%,18,150,134,71,73,33,0,"2,198",0,10%,45,17,1,,,,,
204,Lesley Ugochukwu,MID,Chelsea,0,0,0,0,1,0,269,2,0,0,5,4,,14,71%,1,12,28,15,9,2,0,183,0,0%,5,4,0,0,0,0%,0,
205,Lucas Bergström,GKP,Chelsea,0,0,0,0,0,0,0,0,0,0,0,0,0,,,,,,,,,0,0,,,0,0,,,,,,0
206,Roméo Lavia,MID,Chelsea,0,0,0,0,0,0,0,0,0,0,1,0,,1,0%,0,0,2,1,0,0,0,27,0,0%,0,1,0,0,0,0%,0,
207,Bashir Humphreys,DEF,Chelsea,0,0,0,0,0,0,0,0,0,0,0,0,0,0,0%,0,0,0,0,0,0,0,0,0,0%,0,0,0,,,,,
208,Eddie Beach,GKP,Chelsea,0,0,0,0,0,0,0,0,0,0,0,0,0,,,,,,,,,0,0,,,0,0,,,,,,0
209,Djordje Petrovic,GKP,Chelsea,0,2.42,0,0,1,5,186,0,0,0,13,5,38,,,,,,,,,0,707,,,93,0,,,,,,75
210,Alfie Gilchrist,DEF,Chelsea,0,0,0,0,0,0,0,0,0,1,8,2,6,4,0%,3,9,7,13,2,4,0,123,0,0%,1,4,0,,,,,
211,Ronnie Stutter,FWD,Chelsea,0,0,0,0,0,0,0,0,0,0,0,0,,0,,0,,,,,,0,0,0,,,0,0,0,0,0%,0,
212,Alex Matos,MID,Chelsea,0,0,0,0,0,0,1,0,0,0,1,0,,0,,0,,,,,,0,0,0,,,0,0,0,0,0%,0,
213,Josh Brooking,DEF,Chelsea,0,0,0,0,0,0,0,0,0,0,0,0,0,0,0%,0,0,0,0,0,0,0,0,0,0%,0,0,0,,,,,
214,Leo Castledine,MID,Chelsea,0,0,0,0,0,0,0,0,0,0,0,0,,0,0%,0,0,0,0,0,0,0,0,0,0%,0,0,0,0,0,0%,0,
215,Naouirou Ahamada,MID,Crystal Palace,0,0,0,0,0,0,123,1,0,0,4,11,,13,69%,2,30,29,37,4,3,0,179,0,0%,8,9,0,9,2,22%,0,
216,Joachim Andersen,DEF,Crystal Palace,2,0,0,0,5,0,1620,4,0,2,13,15,58,56,63%,40,193,181,107,90,47,3,"2,151",4,32%,202,43,0,,,,,
217,Jordan Ayew,MID,Crystal Palace,2,0,0,0,6,0,1378,4,1,4,12,14,,65,,16,,,,,,7,811,7,,,46,1,48,20,42%,4,
218,Nathaniel Clyne,DEF,Crystal Palace,0,0,0,0,1,0,461,0,0,0,8,6,16,24,63%,10,50,48,27,13,8,0,533,0,22%,26,6,0,,,,,
219,Cheick Doucouré,MID,Crystal Palace,0,0,0,0,3,0,920,2,0,0,4,5,,34,50%,20,74,50,42,5,9,0,421,1,0%,8,10,0,6,2,33%,0,
220,Malcolm Ebiowei,MID,Crystal Palace,0,0,0,0,0,0,0,0,0,0,0,0,,0,,0,,,,,,0,0,0,,,0,0,0,0,0%,0,
221,Eberechi Eze,MID,Crystal Palace,2,0,0,0,3,0,818,2,0,11,12,9,,35,49%,11,136,164,176,12,24,4,790,7,33%,27,27,0,83,34,41%,4,
222,Vicente Guaita,GKP,Crystal Palace,0,0,0,0,0,0,0,0,0,0,0,0,0,,,,,,,,,0,0,,,0,0,,,,,,0
223,Marc Guéhi,DEF,Crystal Palace,0,0,0,0,5,0,1530,1,0,0,9,10,32,28,68%,18,120,90,59,29,29,1,"1,299",1,0%,85,14,0,,,,,
224,Jean-Philippe Mateta,FWD,Crystal Palace,2,0,0,0,2,0,623,2,0,16,11,14,,22,,4,,,,,,5,413,5,,,35,1,46,29,63%,7,
225,Remi Matthews,GKP,Crystal Palace,0,0,0,0,0,0,3,0,0,0,0,1,1,,,,,,,,,0,5,,,0,0,,,,,,0
226,Remi Matthews,GKP,Crystal Palace,0,0,0,0,0,0,3,0,0,0,0,1,1,,,,,,,,,0,5,,,0,0,,,,,,0
227,Tyrick Mitchell,DEF,Crystal Palace,1,0,0,0,5,0,1447,3,0,2,13,14,55,105,57%,25,208,160,108,21,26,3,"1,205",5,25%,35,22,0,,,,,
228,Jake O'Brien,DEF,Crystal Palace,0,0,0,0,0,0,0,0,0,0,0,0,0,0,0%,0,0,0,0,0,0,0,0,0,0%,0,0,0,,,,,
229,Michael Olise,MID,Crystal Palace,2,0,0,0,0,0,495,0,0,10,8,7,,19,53%,11,68,109,110,7,15,6,609,9,26%,25,13,1,57,21,37%,3,
230,Luke Plange,FWD,Crystal Palace,0,0,0,0,0,0,0,0,0,0,0,0,,0,,0,,,,,,0,0,0,,,0,0,0,0,0%,0,
231,Jairo Riedewald,MID,Crystal Palace,0,0,0,0,1,0,174,0,0,0,6,0,,9,33%,2,14,15,11,3,2,0,108,0,0%,4,3,0,1,0,0%,0,
232,Joe Whitworth,GKP,Crystal Palace,0,0,0,0,0,0,0,0,0,0,0,0,0,,,,,,,,,0,0,,,0,0,,,,,,0
233,Dean Henderson,GKP,Crystal Palace,0,6,0,0,0,12,180,1,0,0,8,6,30,,,,,,,,,0,430,,,65,0,,,,,,58
234,Jesurun Rak-Sakyi,MID,Crystal Palace,0,0,0,0,1,0,132,0,0,0,0,4,,4,25%,3,6,15,11,3,1,0,47,0,0%,1,1,0,5,1,20%,0,
235,John-Kymani Gordon,FWD,Crystal Palace,0,0,0,0,0,0,0,0,0,0,0,0,,0,,0,,,,,,0,0,0,,,0,0,0,0,0%,0,
236,Ademola Ola-Adebomi,FWD,Crystal Palace,0,0,0,0,0,0,0,0,0,0,0,0,,0,,0,,,,,,0,0,0,,,0,0,0,0,0%,0,
237,David Ozoh,MID,Crystal Palace,0,0,0,0,0,0,91,1,0,0,2,4,,10,60%,0,8,14,14,3,5,0,51,0,0%,0,2,0,0,0,0%,0,
238,Jadan Raymond,MID,Crystal Palace,0,0,0,0,0,0,0,0,0,0,0,0,,0,0%,0,0,0,0,0,0,0,0,0,0%,0,0,0,0,0,0%,0,
239,Tayo Adaramola,DEF,Crystal Palace,0,0,0,0,0,0,0,0,0,0,0,0,0,0,0%,0,0,0,0,0,0,0,0,0,0%,0,0,0,,,,,
240,Jarrad Branthwaite,DEF,Everton,0,0,0,0,5,0,1350,5,0,3,12,14,44,66,48%,50,181,184,88,95,45,0,"1,371",1,100%,73,25,1,,,,,
241,Dele Alli,MID,Everton,0,0,0,0,0,0,0,0,0,0,0,0,,0,0%,0,0,0,0,0,0,0,0,0,0%,0,0,0,0,0,0%,0,
242,James Garner,MID,Everton,1,0,0,0,5,0,1426,3,0,1,12,16,,83,53%,45,172,169,134,25,24,2,"1,111",7,22%,46,39,0,41,11,27%,1,
243,Jean-Philippe Gbamin,MID,Everton,0,0,0,0,0,0,0,0,0,0,0,0,,0,0%,0,0,0,0,0,0,0,0,0,0%,0,0,0,0,0,0%,0,
244,Jean-Philippe Gbamin,MID,Everton,0,0,0,0,0,0,0,0,0,0,0,0,,0,0%,0,0,0,0,0,0,0,0,0,0%,0,0,0,0,0,0%,0,
245,Ben Godfrey,DEF,Everton,0,0,0,0,1,0,91,0,0,0,3,5,13,30,67%,16,45,66,60,26,25,0,342,0,19%,10,8,0,,,,,
246,Idrissa Gueye,MID,Everton,1,0,0,0,2,0,1013,6,0,4,9,9,,73,60%,28,174,128,91,15,9,0,880,1,9%,22,35,0,26,7,27%,0,
247,Dwight McNeil,MID,Everton,2,0,0,0,6,0,1202,0,0,3,13,13,,44,,22,,,,,,6,"1,001",17,,,18,0,57,15,26%,3,
248,Vitalii Mykolenko,DEF,Everton,2,0,0,0,5,0,1167,1,0,2,10,11,37,69,55%,36,142,126,97,30,27,0,882,2,23%,54,23,1,,,,,
249,Amadou Onana,MID,Everton,1,0,0,0,3,0,1133,2,0,2,9,15,,71,54%,21,160,180,93,53,19,0,"1,023",4,33%,61,37,2,29,6,21%,1,
250,Ellis Simms,FWD,Everton,0,0,0,0,0,0,0,0,0,0,0,0,,0,,0,,,,,,0,0,0,,,0,0,0,0,0%,0,
251,James Tarkowski,DEF,Everton,1,0,0,0,6,0,1620,2,0,1,13,16,51,61,69%,56,186,242,147,145,62,1,"1,525",5,50%,159,45,1,,,,,
252,Andy Lonergan,GKP,Everton,0,0,0,0,0,0,0,0,0,0,0,0,0,,,,,,,,,0,0,,,0,0,,,,,,0
253,Lewis Dobbin,MID,Everton,1,0,0,0,1,0,167,0,0,1,3,7,,9,,1,,,,,,0,54,1,,,3,0,5,2,40%,1,
254,Thomas Cannon,FWD,Everton,0,0,0,0,0,0,1,0,0,0,0,1,,0,,0,,,,,,0,0,0,,,0,0,0,0,0%,0,
255,Tyler Onyango,MID,Everton,0,0,0,0,0,0,1,0,0,0,0,1,,0,0%,0,0,0,0,0,0,0,0,0,0%,0,0,0,0,0,0%,0,
256,Mackenzie Hunt,MID,Everton,0,0,0,0,0,0,0,0,0,0,0,0,0,0,0%,0,0,0,0,0,0,0,0,0,0%,0,0,0,,,,,
257,Jenson Metcalfe,MID,Everton,0,0,0,0,0,0,0,0,0,0,0,0,,0,0%,0,0,0,0,0,0,0,0,0,0%,0,0,0,0,0,0%,0,
258,Elijah Campbell,DEF,Everton,0,0,0,0,0,0,0,0,0,0,0,0,0,0,0%,0,0,0,0,0,0,0,0,0,0%,0,0,0,,,,,
259,Issa Diop,DEF,Fulham,0,0,0,0,3,0,790,2,0,0,6,7,25,30,53%,17,65,60,43,25,17,0,"1,076",0,0%,37,17,0,,,,,
260,Issa Diop,DEF,Fulham,0,0,0,0,3,0,790,2,0,0,6,7,25,30,53%,17,65,60,43,25,17,0,"1,076",0,0%,37,17,0,,,,,
261,Tyrese Francois,MID,Fulham,0,0,0,0,0,0,0,0,0,0,0,0,,0,0%,0,0,0,0,0,0,0,0,0,0%,0,0,0,0,0,0%,0,
262,Anthony Knockaert,MID,Fulham,0,0,0,0,0,0,0,0,0,0,0,0,,0,0%,0,0,0,0,0,0,0,0,0,0%,0,0,0,0,0,0%,0,
263,Terence Kongolo,DEF,Fulham,0,0,0,0,0,0,0,0,0,0,0,0,0,0,0%,0,0,0,0,0,0,0,0,0,0%,0,0,0,,,,,
264,Bernd Leno,GKP,Fulham,0,4.06,0,1,5,73,1620,0,0,0,13,17,61,,,,,,,,,0,"1,406",,,176,0,,,,,,134
265,Kevin Mbabu,DEF,Fulham,0,0,0,0,0,0,0,0,0,0,0,0,0,0,0%,0,0,0,0,0,0,0,0,0,0%,0,0,0,,,,,
266,Kevin Mbabu,DEF,Fulham,0,0,0,0,0,0,0,0,0,0,0,0,0,0,0%,0,0,0,0,0,0,0,0,0,0%,0,0,0,,,,,
267,Tim Ream,DEF,Fulham,1,0,0,0,3,0,1143,2,1,1,6,8,29,20,45%,25,79,57,40,26,19,0,"1,058",0,0%,73,8,0,,,,,
268,Harrison Reed,MID,Fulham,0,0,0,0,3,0,786,2,0,0,12,10,,29,62%,11,72,53,75,10,13,2,722,2,21%,21,26,0,9,2,22%,0,
269,Antonee Robinson,DEF,Fulham,0,0,0,2,4,0,1486,4,0,0,12,17,60,93,62%,80,227,192,169,42,27,6,"1,629",6,23%,101,34,0,,,,,
270,Kenny Tete,DEF,Fulham,1,0,0,0,2,0,530,2,0,1,4,7,21,27,63%,16,45,53,40,5,5,0,422,0,30%,15,16,0,,,,,
271,Kenny Tete,DEF,Fulham,1,0,0,0,2,0,530,2,0,1,4,7,21,27,63%,16,45,53,40,5,5,0,422,0,30%,15,16,0,,,,,
272,Tosin Adarabioyo,DEF,Fulham,1,0,0,0,2,0,362,0,0,2,8,8,25,21,52%,25,43,83,51,57,28,0,"1,211",0,0%,72,10,2,,,,,
273,Raúl Jiménez,FWD,Fulham,4,0,0,0,4,0,1014,2,1,7,8,10,,18,,4,,,,,,0,373,3,,,17,2,41,17,41%,4,
274,Calvin Bassey,DEF,Fulham,0,0,0,0,2,0,935,1,1,1,11,13,42,49,59%,28,171,101,57,30,25,0,"1,667",0,0%,83,15,0,,,,,
275,Luc De Fougerolles,DEF,Fulham,0,0,0,0,0,0,0,0,0,0,0,0,0,0,0%,0,0,0,0,0,0,0,0,0,0%,0,0,0,,,,,
276,Jay Stansfield,FWD,Fulham,0,0,0,0,0,0,0,0,0,0,0,0,,0,,0,,,,,,0,0,0,,,0,0,0,0,0%,0,
277,Matthew Dibley-Dias,MID,Fulham,0,0,0,0,0,0,0,0,0,0,0,0,,0,0%,0,0,0,0,0,0,0,0,0,0%,0,0,0,0,0,0%,0,
278,Luke Harris,MID,Fulham,0,0,0,0,0,0,74,0,0,0,0,1,,1,100%,0,3,3,5,0,0,0,14,0,0%,0,2,0,1,1,100%,1,
279,Timothy Castagne,DEF,Fulham,0,0,0,0,4,0,1172,1,0,1,12,15,40,49,49%,38,119,111,92,35,34,3,"1,350",1,20%,51,22,0,,,,,
280,Timothy Castagne,DEF,Fulham,0,0,0,0,4,0,1172,1,0,1,12,15,40,49,49%,38,119,111,92,35,34,3,"1,350",1,20%,51,22,0,,,,,
281,Steven Benda,GKP,Fulham,0,0,0,0,0,0,0,0,0,0,0,0,0,,,,,,,,,0,0,,,0,0,,,,,,0
282,Fodé Ballo-Touré,DEF,Fulham,0,0,0,0,0,0,41,1,0,0,4,2,1,4,50%,3,6,9,9,0,2,0,55,0,0%,3,4,0,,,,,
283,Devan Tanton,DEF,Fulham,0,0,0,0,0,0,0,0,0,0,0,0,0,0,0%,0,0,0,0,0,0,0,0,0,0%,0,0,0,,,,,
284,Trent Alexander-Arnold,DEF,Liverpool,2,0,0,0,6,0,1318,3,0,3,16,4,28,39,67%,31,176,84,102,8,6,4,"1,685",17,33%,147,9,0,,,,,
285,Stefan Bajcetic,MID,Liverpool,0,0,0,0,0,0,0,0,0,0,1,0,,4,25%,0,2,6,3,0,0,0,10,0,0%,0,1,0,0,0,0%,0,
286,Harvey Elliott,MID,Liverpool,1,0,0,0,0,0,332,1,0,3,21,3,,27,63%,6,78,58,59,9,13,6,904,5,35%,40,7,0,49,17,35%,1,
287,Harvey Elliott,MID,Liverpool,1,0,0,0,0,0,332,1,0,3,21,3,,27,63%,6,78,58,59,9,13,6,904,5,35%,40,7,0,49,17,35%,1,
288,Cody Gakpo,FWD,Liverpool,2,0,0,0,2,0,713,0,0,8,23,3,,27,,14,,,,,,5,535,5,,,28,3,66,24,36%,6,
289,Joe Gomez,DEF,Liverpool,0,0,0,0,3,0,743,2,0,0,21,3,19,47,66%,19,111,109,94,31,11,1,"1,149",2,18%,48,28,0,,,,,
290,Curtis Jones,MID,Liverpool,0,0,0,0,1,0,458,1,1,1,13,4,,27,52%,7,72,63,84,7,12,1,750,0,25%,12,16,0,19,6,32%,1,
291,Ibrahima Konaté,DEF,Liverpool,0,0,0,0,4,0,791,2,0,0,13,4,18,36,61%,20,97,132,68,77,31,0,"1,449",1,0%,47,25,0,,,,,
292,Luis Díaz,MID,Liverpool,3,0,0,0,4,0,1064,1,0,8,23,4,,35,,3,,,,,,5,"1,019",5,,,54,1,94,32,34%,13,
293,Alexis Mac Allister,MID,Liverpool,1,0,0,0,3,0,1086,5,1,5,21,4,,99,56%,35,195,195,193,31,29,5,"1,927",3,31%,61,53,1,44,9,20%,2,
294,Mohamed Salah,MID,Liverpool,12,0,0,0,6,0,1560,2,0,18,19,3,,17,,2,,,,,,10,935,22,,,12,2,114,56,49%,17,
295,Dominik Szoboszlai,MID,Liverpool,2,0,0,0,7,0,1505,1,0,3,20,3,,32,59%,15,171,97,137,14,20,2,"1,399",7,25%,54,29,1,60,15,25%,2,
296,Sepp van den Berg,DEF,Liverpool,0,0,0,0,0,0,0,0,0,0,0,0,0,0,0%,0,0,0,0,0,0,0,0,0,0%,0,0,0,,,,,
297,Virgil van Dijk,DEF,Liverpool,1,0,0,0,5,0,1377,1,1,2,22,4,40,40,57%,39,170,195,63,140,32,2,"2,872",3,0%,156,23,1,,,,,
298,Jarell Quansah,DEF,Liverpool,0,0,0,0,0,0,171,0,0,2,12,1,15,25,88%,17,72,76,43,45,22,0,"1,165",0,0%,44,10,1,,,,,
299,Bobby Clark,MID,Liverpool,0,0,0,0,0,0,0,0,0,0,5,0,,2,50%,1,6,5,16,0,1,0,49,0,0%,1,4,0,2,0,0%,0,
300,Bobby Clark,MID,Liverpool,0,0,0,0,0,0,0,0,0,0,5,0,,2,50%,1,6,5,16,0,1,0,49,0,0%,1,4,0,2,0,0%,0,
301,Ben Doak,MID,Liverpool,0,0,0,0,0,0,13,0,0,0,0,0,,0,,0,,,,,,0,4,0,,,0,0,0,0,0%,0,
302,James McConnell,MID,Liverpool,0,0,0,0,0,0,1,0,0,0,3,0,,0,0%,1,0,1,1,0,0,0,6,0,0%,1,1,0,0,0,0%,0,
303,Wataru Endo,MID,Liverpool,1,0,0,0,3,0,533,4,0,1,19,3,,48,58%,20,108,114,145,31,27,0,"1,305",2,50%,28,50,0,10,3,30%,0,
304,Ryan Gravenberch,MID,Liverpool,0,0,0,0,2,0,530,0,0,1,17,2,,26,46%,14,74,74,85,10,14,0,493,1,0%,6,20,0,23,8,35%,1,
305,Conor Bradley,DEF,Liverpool,0,0,0,0,0,0,0,0,0,1,8,1,7,33,76%,10,50,69,51,11,5,3,437,2,22%,15,8,0,,,,,
306,Albert Sambi Lokonga,MID,Luton,0,0,0,0,1,0,227,0,0,1,3,10,,29,62%,11,64,82,52,16,9,3,740,2,8%,41,18,1,8,2,25%,0,
307,Marvelous Nakamba,MID,Luton,0,0,0,0,0,0,1131,5,0,0,1,9,,40,60%,11,90,56,57,4,7,0,415,0,25%,19,24,0,5,0,0%,0,
308,Elijah Adebayo,FWD,Luton,4,0,0,0,1,0,652,1,0,10,5,16,,4,,6,,,,,,0,197,0,,,27,4,31,14,45%,4,
309,Amari'i Bell,DEF,Luton,0,0,0,0,1,0,995,0,0,0,5,13,41,50,66%,25,98,96,77,21,22,0,789,0,8%,29,22,0,,,,,
310,Luke Berry,MID,Luton,0,0,0,0,0,0,26,0,0,2,2,11,,7,29%,0,8,23,19,7,8,1,88,0,13%,3,6,0,8,4,50%,0,
311,Reece Burke,DEF,Luton,0,0,0,0,0,0,595,1,0,0,3,13,37,37,62%,18,62,99,72,46,33,4,680,3,31%,34,20,0,,,,,
312,Alfie Doughty,DEF,Luton,0,0,0,0,1,0,1147,2,0,2,6,23,,62,63%,31,185,127,124,23,12,8,"1,088",10,26%,66,31,0,26,8,31%,2,
313,Luke Freeman,MID,Luton,0,0,0,0,0,0,0,0,0,0,0,0,,0,0%,0,0,0,0,0,0,0,0,0,0%,0,0,0,0,0,0%,0,
314,John McAtee,FWD,Luton,0,0,0,0,0,0,0,0,0,0,0,0,,0,,0,,,,,,0,0,0,,,0,0,0,0,0%,0,
315,Carlton Morris,FWD,Luton,3,0,0,0,2,0,1200,1,0,11,6,24,,15,,1,,,,,,4,718,5,,,49,2,71,31,44%,7,
316,Admiral Muskwe,FWD,Luton,0,0,0,0,0,0,0,0,0,0,0,0,,0,,0,,,,,,0,0,0,,,0,0,0,0,0%,0,
317,Admiral Muskwe,FWD,Luton,0,0,0,0,0,0,0,0,0,0,0,0,,0,,0,,,,,,0,0,0,,,0,0,0,0,0%,0,
318,Chiedozie Ogbene,FWD,Luton,1,0,0,0,1,0,945,0,0,4,5,18,,17,,7,,,,,,1,627,5,,,8,1,35,14,40%,1,
319,Fred Onyedinma,MID,Luton,0,0,0,0,0,0,0,0,0,0,1,6,,10,60%,1,10,26,41,8,6,0,85,0,8%,0,10,0,5,2,40%,0,
320,Gabriel Osho,DEF,Luton,1,0,0,0,1,0,596,1,0,2,4,12,47,41,54%,31,103,98,84,37,37,0,705,0,33%,27,23,2,,,,,
321,Aribim Pepple,FWD,Luton,0,0,0,0,0,0,0,0,0,0,0,0,,0,,0,,,,,,0,0,0,,,0,0,0,0,0%,0,
322,Dion Pereira,MID,Luton,0,0,0,0,0,0,0,0,0,0,0,0,,0,0%,0,0,0,0,0,0,0,0,0,0%,0,0,0,0,0,0%,0,
323,Dan Potts,DEF,Luton,0,0,0,0,0,0,0,0,0,0,0,0,0,0,0%,0,0,0,0,0,0,0,0,0,0%,0,0,0,,,,,
324,Glen Rea,MID,Luton,0,0,0,0,0,0,0,0,0,0,0,0,,0,0%,0,0,0,0,0,0,0,0,0,0%,0,0,0,0,0,0%,0,
325,James Shea,GKP,Luton,0,0,0,0,0,0,0,0,0,0,0,1,0,,,,,,,,,0,8,,,3,0,,,,,,2
326,Elliot Thorpe,MID,Luton,0,0,0,0,0,0,0,0,0,0,0,0,,0,0%,0,0,0,0,0,0,0,0,0,0%,0,0,0,0,0,0%,0,
327,Jack Walton,GKP,Luton,0,0,0,0,0,0,0,0,0,0,0,0,0,,,,,,,,,0,0,,,0,0,,,,,,0
328,Louie Watson,MID,Luton,0,0,0,0,0,0,0,0,0,0,0,0,,0,0%,0,0,0,0,0,0,0,0,0,0%,0,0,0,0,0,0%,0,
329,Louie Watson,MID,Luton,0,0,0,0,0,0,0,0,0,0,0,0,,0,0%,0,0,0,0,0,0,0,0,0,0%,0,0,0,0,0,0%,0,
330,Cauley Woodrow,FWD,Luton,0,0,0,0,0,0,74,0,0,1,3,15,,16,,1,,,,,,1,139,2,,,8,1,16,4,25%,0,
331,Teden Mengi,DEF,Luton,1,0,0,0,1,0,950,1,0,1,5,18,59,54,41%,57,126,128,95,60,43,0,925,0,0%,70,35,0,,,,,
332,Ryan Giles,DEF,Luton,0,0,0,0,0,0,427,0,0,0,2,8,14,8,75%,4,21,17,11,3,0,0,128,0,24%,2,2,0,,,,,
333,Tom Lockyer,DEF,Luton,1,0,0,1,0,0,1169,4,0,1,2,9,23,25,64%,23,89,70,42,31,17,1,418,1,0%,45,15,0,,,,,
334,Pelly Ruddock Mpanzu,MID,Luton,0,0,0,0,1,0,718,0,0,0,5,18,,13,38%,9,54,48,54,12,19,0,343,1,27%,16,9,0,11,1,9%,1,
335,Pelly Ruddock Mpanzu,MID,Luton,0,0,0,0,1,0,718,0,0,0,5,18,,13,38%,9,54,48,54,12,19,0,343,1,27%,16,9,0,11,1,9%,1,
336,Tahith Chong,MID,Luton,1,0,0,0,0,0,679,3,0,4,3,24,,36,61%,8,104,133,130,9,22,0,499,0,23%,15,21,1,31,7,23%,1,
337,Issa Kaboré,DEF,Luton,0,0,0,0,0,0,1002,4,0,0,3,16,39,52,54%,16,102,117,92,18,20,2,540,5,21%,16,27,0,,,,,
338,Thomas Kaminski,GKP,Luton,0,3.76,0,0,1,64,1530,3,0,0,6,24,85,,,,,,,,,0,"1,310",,,312,0,,,,,,145
339,Ross Barkley,MID,Luton,1,0,0,0,1,0,893,3,0,5,5,20,,47,40%,25,201,195,185,44,34,4,"1,405",6,31%,87,25,1,66,19,29%,1,
340,Jacob Brown,FWD,Luton,2,0,0,0,1,0,867,3,0,2,4,11,,19,,8,,,,,,0,229,1,,,19,0,26,7,27%,3,
341,Aidan Francis-Clarke,DEF,Luton,0,0,0,0,0,0,0,0,0,0,0,0,0,0,0%,0,0,0,0,0,0,0,0,0,0%,0,0,0,,,,,
342,Tim Krul,GKP,Luton,0,0,0,0,0,0,0,0,0,0,0,0,0,,,,,,,,,0,0,,,0,0,,,,,,0
343,Jayden Luker,MID,Luton,0,0,0,0,0,0,0,0,0,0,0,0,,0,0%,0,0,0,0,0,0,0,0,0,0%,0,0,0,0,0,0%,0,
344,Manuel Akanji,DEF,Man City,2,0,0,0,3,0,1081,1,1,2,22,2,23,42,67%,23,142,90,72,28,30,0,"2,296",0,22%,81,17,1,,,,,
345,Nathan Aké,DEF,Man City,2,0,0,0,1,0,825,0,0,2,21,2,20,26,62%,14,119,95,49,47,28,2,"1,770",3,9%,19,10,2,,,,,
346,Julián Álvarez,FWD,Man City,4,0,0,0,6,0,1409,2,0,11,27,3,,24,,2,,,,,,9,"1,110",7,,,23,1,98,40,41%,10,
347,Oscar Bobb,MID,Man City,0,0,0,0,0,0,69,0,0,1,12,2,,7,43%,5,17,22,17,1,2,1,168,2,60%,0,2,0,4,2,50%,1,
348,João Cancelo,DEF,Man City,0,0,0,0,0,0,0,0,0,0,0,0,0,0,0%,0,0,0,0,0,0,0,0,0,0%,0,0,0,,,,,
349,Scott Carson,GKP,Man City,0,0,0,0,0,0,0,0,0,0,0,0,0,,,,,,,,,0,0,,,0,0,,,,,,0
350,Scott Carson,GKP,Man City,0,0,0,0,0,0,0,0,0,0,0,0,0,,,,,,,,,0,0,,,0,0,,,,,,0
351,Shea Charles,MID,Man City,0,0,0,0,0,0,0,0,0,0,0,0,,0,0%,0,0,0,0,0,0,0,0,0,0%,0,0,0,0,0,0%,0,
352,Kevin De Bruyne,MID,Man City,0,0,0,0,0,0,22,0,0,4,15,0,,14,64%,4,54,43,70,6,5,10,804,21,26%,22,11,1,44,17,39%,1,
353,Phil Foden,MID,Man City,4,0,0,0,5,0,1334,1,0,19,25,3,,31,65%,13,127,144,143,6,17,8,"1,670",10,21%,42,14,1,105,48,46%,7,
354,Erling Haaland,FWD,Man City,14,0,0,0,4,0,1294,1,0,27,22,3,,6,,2,,,,,,5,381,6,,,18,4,121,59,49%,34,
355,Aymeric Laporte,DEF,Man City,0,0,0,0,0,0,11,0,0,0,1,0,0,0,0%,0,2,0,0,0,0,0,11,0,0%,0,0,0,,,,,
356,Riyad Mahrez,MID,Man City,0,0,0,0,0,0,0,0,0,0,0,0,,0,,0,,,,,,0,0,0,,,0,0,0,0,0%,0,
357,Máximo Perrone,MID,Man City,0,0,0,0,0,0,0,0,0,0,0,0,,0,0%,0,0,0,0,0,0,0,0,0,0%,0,0,0,0,0,0%,0,
358,Máximo Perrone,MID,Man City,0,0,0,0,0,0,0,0,0,0,0,0,,0,0%,0,0,0,0,0,0,0,0,0,0%,0,0,0,0,0,0%,0,
359,Zack Steffen,GKP,Man City,0,0,0,0,0,0,0,0,0,0,0,0,0,,,,,,,,,0,0,,,0,0,,,,,,0
360,Jérémy Doku,MID,Man City,2,0,0,0,0,0,693,2,0,3,21,2,,39,,9,,,,,,8,786,5,,,15,0,55,19,35%,1,
361,Mahamadou Susoho,MID,Man City,0,0,0,0,0,0,0,0,0,0,0,0,,0,0%,0,0,0,0,0,0,0,0,0,0%,0,0,0,0,0,0%,0,
362,Mason Mount,MID,Man Utd,0,0,0,0,1,0,397,1,0,1,5,5,,22,64%,6,37,41,41,6,9,0,203,0,29%,6,10,0,5,1,20%,0,
363,Alex Telles,DEF,Man Utd,0,0,0,0,0,0,0,0,0,0,0,0,0,0,0%,0,0,0,0,0,0,0,0,0,0%,0,0,0,,,,,
364,Amad Diallo,MID,Man Utd,0,0,0,0,0,0,0,0,0,1,3,4,,10,,1,,,,,,1,167,1,,,5,0,10,4,40%,0,
365,Eric Bailly,DEF,Man Utd,0,0,0,0,0,0,0,0,0,0,0,0,0,0,0%,0,0,0,0,0,0,0,0,0,0%,0,0,0,,,,,
366,Christian Eriksen,MID,Man Utd,1,0,0,0,1,0,608,0,0,1,10,10,,18,72%,4,86,25,52,2,7,2,754,3,26%,33,7,0,13,4,31%,0,
367,Alejandro Garnacho,MID,Man Utd,1,0,0,0,5,0,882,2,0,7,16,14,,22,,18,,,,,,4,834,6,,,20,1,100,28,28%,7,
368,Alejandro Garnacho,MID,Man Utd,1,0,0,0,5,0,882,2,0,7,16,14,,22,,18,,,,,,4,834,6,,,20,1,100,28,28%,7,
369,Hannibal Mejbri,MID,Man Utd,1,0,0,0,1,0,130,1,0,1,3,1,,3,100%,0,10,13,16,2,4,0,37,0,0%,2,5,0,1,1,100%,0,
370,Victor Lindelöf,DEF,Man Utd,1,0,0,0,3,0,898,1,0,1,12,6,16,15,67%,12,75,35,50,17,26,1,876,0,0%,26,15,0,,,,,
371,Harry Maguire,DEF,Man Utd,0,0,0,0,3,0,836,1,0,2,11,7,29,24,71%,25,78,103,53,69,19,2,"1,096",2,33%,73,21,1,,,,,
372,Kobbie Mainoo,MID,Man Utd,0,0,0,0,2,0,321,1,0,3,10,8,,47,57%,22,96,120,109,19,26,1,862,0,17%,21,15,0,11,5,45%,0,
373,Tyrell Malacia,DEF,Man Utd,0,0,0,0,0,0,0,0,0,0,0,0,0,0,0%,0,0,0,0,0,0,0,0,0,0%,0,0,0,,,,,
374,Anthony Martial,FWD,Man Utd,1,0,0,0,1,0,439,0,0,1,6,7,,4,,0,,,,,,0,137,0,,,3,0,6,4,67%,0,
375,Lisandro Martínez,DEF,Man Utd,0,0,0,1,0,0,375,2,0,0,6,3,12,12,67%,5,33,21,22,4,5,1,442,0,0%,10,6,0,,,,,
376,Lisandro Martínez,DEF,Man Utd,0,0,0,1,0,0,375,2,0,0,6,3,12,12,67%,5,33,21,22,4,5,1,442,0,0%,10,6,0,,,,,
377,Raphaël Varane,DEF,Man Utd,1,0,0,0,2,0,430,0,0,1,13,6,23,18,61%,15,67,43,20,21,5,0,774,0,0%,29,8,1,,,,,
378,Marcus Rashford,MID,Man Utd,2,0,0,0,4,0,1150,2,0,7,16,12,,19,,4,,,,,,2,683,6,,,13,0,62,21,34%,7,
379,Jadon Sancho,MID,Man Utd,0,0,0,0,0,0,76,0,0,0,2,1,,1,,1,,,,,,0,41,0,,,0,0,0,0,0%,0,
380,Shola Shoretire,FWD,Man Utd,0,0,0,0,0,0,0,0,0,0,0,0,,0,,0,,,,,,0,0,0,,,0,0,0,0,0%,0,
381,Donny van de Beek,MID,Man Utd,0,0,0,0,0,0,2,0,0,0,0,1,,0,0%,0,0,0,0,0,0,0,1,0,0%,0,0,0,1,0,0%,0,
382,Aaron Wan-Bissaka,DEF,Man Utd,0,0,0,0,2,0,613,2,0,0,8,9,34,42,60%,41,94,89,61,21,19,2,832,1,29%,13,17,0,,,,,
383,Sergio Reguilón,DEF,Man Utd,0,0,0,0,2,0,408,3,0,0,8,13,28,58,48%,21,96,119,88,20,29,4,646,6,26%,23,14,0,,,,,
384,Rasmus Højlund,FWD,Man Utd,0,0,0,0,4,0,938,1,0,10,14,10,,11,,1,,,,,,2,391,0,,,20,0,38,21,55%,13,
385,Omari Forson,MID,Man Utd,0,0,0,0,0,0,0,0,0,0,1,3,,2,0%,0,2,3,4,0,2,1,33,1,0%,0,1,0,1,0,0%,0,
386,Radek Vítek,GKP,Man Utd,0,0,0,0,0,0,0,0,0,0,0,0,0,,,,,,,,,0,0,,,0,0,,,,,,0
387,Daniel Gore,MID,Man Utd,0,0,0,0,0,0,0,0,0,0,1,0,,1,100%,1,0,2,0,0,0,0,0,0,0%,0,0,0,0,0,0%,0,
388,Altay Bayindir,GKP,Man Utd,0,0,0,0,0,0,0,0,0,0,0,0,0,,,,,,,,,0,0,,,0,0,,,,,,0
389,Sofyan Amrabat,MID,Man Utd,0,0,0,0,1,0,610,3,0,0,11,7,,27,59%,8,60,48,56,5,6,0,645,0,14%,35,24,0,3,0,0%,0,
390,Joe Hugill,FWD,Man Utd,0,0,0,0,0,0,0,0,0,0,0,0,,0,,0,,,,,,0,0,0,,,0,0,0,0,0%,0,
391,Willy Kambwala,DEF,Man Utd,0,0,0,0,0,0,83,0,0,0,2,4,10,3,33%,4,12,11,11,6,2,0,191,0,0%,5,4,0,,,,,
392,Rhys Bennett,DEF,Man Utd,0,0,0,0,0,0,0,0,0,0,0,0,0,0,0%,0,0,0,0,0,0,0,0,0,0%,0,0,0,,,,,
393,Rhys Bennett,DEF,Man Utd,0,0,0,0,0,0,0,0,0,0,0,0,0,0,0%,0,0,0,0,0,0,0,0,0,0%,0,0,0,,,,,
394,Lewis Hall,DEF,Newcastle,0,0,0,0,0,0,81,1,0,1,8,8,12,28,64%,12,56,52,47,10,11,0,468,0,17%,27,5,0,,,,,
395,Elliot Anderson,MID,Newcastle,0,0,0,0,3,0,407,0,0,0,12,6,,24,75%,8,60,83,87,19,14,2,416,2,16%,4,21,0,19,5,26%,1,
396,Harrison Ashby,DEF,Newcastle,0,0,0,0,0,0,0,0,0,0,0,0,0,0,0%,0,0,0,0,0,0,0,0,0,0%,0,0,0,,,,,
397,Sven Botman,DEF,Newcastle,1,0,0,0,2,0,505,1,0,2,7,8,29,20,65%,9,70,56,35,34,17,2,"1,015",2,0%,44,9,2,,,,,
398,Ryan Fraser,MID,Newcastle,0,0,0,0,0,0,0,0,0,0,0,0,,0,0%,0,0,0,0,0,0,0,0,0,0%,0,0,0,0,0,0%,0,
399,Mark Gillespie,GKP,Newcastle,0,0,0,0,0,0,0,0,0,0,0,0,0,,,,,,,,,0,0,,,0,0,,,,,,0
400,Alexander Isak,FWD,Newcastle,7,0,0,0,3,0,866,0,0,21,14,13,,5,,6,,,,,,2,474,5,,,14,1,78,43,55%,21,
401,Emil Krafth,DEF,Newcastle,0,0,0,0,1,0,82,0,0,0,9,6,15,21,67%,9,44,44,43,13,15,0,509,2,47%,6,10,0,,,,,
402,Garang Kuol,MID,Newcastle,0,0,0,0,0,0,0,0,0,0,0,0,,0,,0,,,,,,0,0,0,,,0,0,0,0,0%,0,
403,Sean Longstaff,MID,Newcastle,2,0,0,0,6,0,1014,4,0,6,16,13,,54,56%,17,120,117,130,19,22,2,"1,209",5,32%,44,24,0,41,15,37%,7,
404,Allan Saint-Maximin,MID,Newcastle,0,0,0,0,0,0,0,0,0,0,0,0,,0,,0,,,,,,0,0,0,,,0,0,0,0,0%,0,
405,Fabian Schär,DEF,Newcastle,0,0,0,0,6,0,1543,2,0,4,17,14,58,42,57%,36,174,150,149,70,72,1,"2,106",2,38%,185,38,1,,,,,
406,Sandro Tonali,MID,Newcastle,1,0,0,0,1,0,437,2,0,1,4,3,,7,100%,2,20,17,19,1,0,0,267,0,36%,7,9,0,3,2,67%,1,
407,Sandro Tonali,MID,Newcastle,1,0,0,0,1,0,437,2,0,1,4,3,,7,100%,2,20,17,19,1,0,0,267,0,36%,7,9,0,3,2,67%,1,
408,Joe Willock,MID,Newcastle,0,0,0,0,0,0,136,0,0,1,4,3,,13,54%,1,26,24,28,1,1,0,153,0,17%,9,3,1,7,4,57%,1,
409,Loris Karius,GKP,Newcastle,0,0,0,0,0,0,0,0,0,0,0,1,4,,,,,,,,,0,31,,,3,0,,,,,,4
410,Tino Livramento,DEF,Newcastle,0,0,0,0,2,0,571,1,0,1,14,9,27,23,57%,25,85,80,48,12,8,0,675,1,19%,13,3,0,,,,,
411,Alex Murphy,DEF,Newcastle,0,0,0,0,0,0,3,0,0,0,2,0,0,1,100%,1,2,1,3,0,0,0,17,0,0%,0,2,0,,,,,
412,Lewis Miley,MID,Newcastle,1,0,0,0,1,0,515,0,0,1,6,9,,33,64%,8,78,58,52,11,12,3,524,3,18%,18,5,0,13,3,23%,1,
413,Ben Parkinson,FWD,Newcastle,0,0,0,0,0,0,24,0,0,0,0,1,,0,,0,,,,,,0,3,0,,,0,0,0,0,0%,0,
414,Michael Ndiweni,FWD,Newcastle,0,0,0,0,0,0,1,0,0,0,1,0,,0,,0,,,,,,0,2,0,,,0,0,0,0,0%,0,
415,Michael Ndiweni,FWD,Newcastle,0,0,0,0,0,0,1,0,0,0,1,0,,0,,0,,,,,,0,2,0,,,0,0,0,0,0%,0,
416,Matt Turner,GKP,Nott'm Forest,0,3.23,0,0,2,42,1170,1,0,0,4,8,28,,,,,,,,,0,473,,,138,0,,,,,,55
417,Callum Hudson-Odoi,MID,Nott'm Forest,1,0,0,0,1,0,390,0,0,8,6,16,,18,,7,,,,,,1,647,4,,,14,0,38,20,53%,2,
418,Anthony Elanga,MID,Nott'm Forest,4,0,0,0,1,0,1183,1,0,5,9,19,,33,,8,,,,,,9,644,14,,,9,1,54,23,43%,10,
419,Harry Arter,MID,Nott'm Forest,0,0,0,0,0,0,0,0,0,0,0,0,,0,0%,0,0,0,0,0,0,0,0,0,0%,0,0,0,0,0,0%,0,
420,Taiwo Awoniyi,FWD,Nott'm Forest,4,0,0,0,2,0,664,1,0,6,6,11,,9,,1,,,,,,3,172,2,,,9,1,22,11,50%,4,
421,Giulian Biancone,DEF,Nott'm Forest,0,0,0,0,0,0,0,0,0,0,0,0,0,0,0%,0,0,0,0,0,0,0,0,0,0%,0,0,0,,,,,
422,Josh Bowler,MID,Nott'm Forest,0,0,0,0,0,0,0,0,0,0,0,0,,0,0%,0,0,0,0,0,0,0,0,0,0%,0,0,0,0,0,0%,0,
423,Mohamed Dräger,DEF,Nott'm Forest,0,0,0,0,0,0,0,0,0,0,0,0,0,0,0%,0,0,0,0,0,0,0,0,0,0%,0,0,0,,,,,
424,Remo Freuler,MID,Nott'm Forest,0,0,0,0,0,0,0,0,0,0,0,0,,0,0%,0,0,0,0,0,0,0,0,0,0%,0,0,0,0,0,0%,0,
425,Morgan Gibbs-White,MID,Nott'm Forest,1,0,0,0,3,0,1506,3,0,5,9,19,,36,67%,17,179,197,222,61,70,10,"1,282",16,30%,72,37,1,71,15,21%,5,
426,Ethan Horvath,GKP,Nott'm Forest,0,0,0,0,0,0,0,0,0,0,0,0,0,,,,,,,,,0,0,,,0,0,,,,,,0
427,Cheikhou Kouyaté,MID,Nott'm Forest,0,0,0,0,0,0,200,2,0,0,4,4,,8,63%,2,14,21,21,10,10,0,73,0,0%,0,6,0,5,1,20%,1,
428,Richie Laryea,DEF,Nott'm Forest,0,0,0,0,0,0,0,0,0,0,0,0,0,0,0%,0,0,0,0,0,0,0,0,0,0%,0,0,0,,,,,
429,Orel Mangala,MID,Nott'm Forest,1,0,0,0,3,0,1399,4,0,1,4,11,,27,48%,26,74,70,72,10,4,0,642,0,50%,23,23,0,10,1,10%,1,
430,Loïc Mbe Soh,DEF,Nott'm Forest,0,0,0,0,0,0,0,0,0,0,0,0,0,0,0%,0,0,0,0,0,0,0,0,0,0%,0,0,0,,,,,
431,Alex Mighten,MID,Nott'm Forest,0,0,0,0,0,0,0,0,0,0,0,0,,0,,0,,,,,,0,0,0,,,0,0,0,0,0%,0,
432,Moussa Niakhaté,DEF,Nott'm Forest,0,0,0,0,1,0,797,2,1,1,6,13,35,42,60%,14,98,64,24,16,5,0,688,0,9%,31,11,0,,,,,
433,Moussa Niakhaté,DEF,Nott'm Forest,0,0,0,0,1,0,797,2,1,1,6,13,35,42,60%,14,98,64,24,16,5,0,688,0,9%,31,11,0,,,,,
434,Jonathan Panzo,DEF,Nott'm Forest,0,0,0,0,0,0,0,0,0,0,0,0,0,0,0%,0,0,0,0,0,0,0,0,0,0%,0,0,0,,,,,
435,Sam Surridge,FWD,Nott'm Forest,0,0,0,0,0,0,0,0,0,0,0,0,,0,,0,,,,,,0,0,0,,,0,0,0,0,0%,0,
436,Harry Toffolo,DEF,Nott'm Forest,1,0,0,0,2,0,916,2,0,1,5,12,29,26,54%,14,57,54,48,25,15,3,446,3,34%,17,17,1,,,,,
437,Joe Worrall,DEF,Nott'm Forest,0,0,0,0,1,0,437,0,1,0,3,2,8,7,71%,3,18,21,16,12,10,0,161,0,0%,12,3,0,,,,,
438,Joe Worrall,DEF,Nott'm Forest,0,0,0,0,1,0,437,0,1,0,3,2,8,7,71%,3,18,21,16,12,10,0,161,0,0%,12,3,0,,,,,
439,Ryan Yates,MID,Nott'm Forest,0,0,0,0,1,0,786,3,0,1,9,18,,66,59%,21,110,168,119,43,38,1,817,2,17%,29,54,0,32,7,22%,2,
440,Ryan Yates,MID,Nott'm Forest,0,0,0,0,1,0,786,3,0,1,9,18,,66,59%,21,110,168,119,43,38,1,817,2,17%,29,54,0,32,7,22%,2,
441,George Shelvey,GKP,Nott'm Forest,0,0,0,0,0,0,0,0,0,0,0,0,0,,,,,,,,,0,0,,,0,0,,,,,,0
442,George Shelvey,GKP,Nott'm Forest,0,0,0,0,0,0,0,0,0,0,0,0,0,,,,,,,,,0,0,,,0,0,,,,,,0
443,Josh Powell,DEF,Nott'm Forest,0,0,0,0,0,0,0,0,0,0,0,0,,0,0%,0,0,0,0,0,0,0,0,0,0%,0,0,0,0,0,0%,0,
444,Gonzalo Montiel,DEF,Nott'm Forest,0,0,0,0,0,0,166,2,0,0,5,6,11,22,86%,9,42,36,30,12,9,2,318,4,6%,14,6,0,,,,,
445,Odysseas Vlachodimos,GKP,Nott'm Forest,0,2,0,0,1,10,450,0,0,0,1,4,12,,,,,,,,,0,153,,,33,0,,,,,,10
446,Andrew Omobamidele,DEF,Nott'm Forest,0,0,0,0,0,0,0,0,0,0,2,7,15,10,30%,13,21,20,19,8,10,0,309,0,0%,13,6,0,,,,,
447,Nicolás Domínguez,MID,Nott'm Forest,1,0,0,0,3,0,648,1,0,2,6,14,,63,54%,18,108,107,85,21,19,2,829,2,33%,27,26,1,22,6,27%,1,
448,Nicolás Domínguez,MID,Nott'm Forest,1,0,0,0,3,0,648,1,0,2,6,14,,63,54%,18,108,107,85,21,19,2,829,2,33%,27,26,1,22,6,27%,1,
449,Ibrahim Sangaré,MID,Nott'm Forest,0,0,0,0,4,0,751,4,0,0,3,8,,42,55%,16,70,65,69,9,16,0,419,0,0%,23,22,0,8,0,0%,1,
450,Divock Origi,FWD,Nott'm Forest,0,0,0,0,0,0,176,1,0,0,2,12,,6,,2,,,,,,1,131,5,,,14,0,14,4,29%,4,
451,Auston Trusty,DEF,Sheffield Utd,0,0,0,0,1,0,1002,3,0,0,2,24,81,47,64%,35,89,127,104,63,51,0,846,3,40%,38,23,0,,,,,
452,Auston Trusty,DEF,Sheffield Utd,0,0,0,0,1,0,1002,3,0,0,2,24,81,47,64%,35,89,127,104,63,51,0,846,3,40%,38,23,0,,,,,
453,Cameron Archer,FWD,Sheffield Utd,3,0,0,0,2,0,1210,2,0,4,4,21,,18,,1,,,,,,1,333,6,,,15,0,42,11,26%,6,
454,George Baldock,DEF,Sheffield Utd,0,0,0,0,0,0,653,3,0,0,1,8,21,18,56%,10,44,51,54,15,13,1,319,1,22%,13,19,0,,,,,
455,Chris Basham,DEF,Sheffield Utd,0,0,0,0,0,0,316,1,0,0,0,7,6,7,29%,5,16,20,21,8,8,0,122,0,0%,4,3,0,,,,,
456,Jayden Bogle,DEF,Sheffield Utd,1,0,0,0,2,0,1127,5,0,3,3,25,79,66,55%,32,139,163,154,50,28,0,772,0,25%,34,38,0,,,,,
457,Rhian Brewster,FWD,Sheffield Utd,0,0,0,0,0,0,163,0,0,0,2,10,,5,,1,,,,,,0,73,0,,,5,0,7,3,43%,0,
458,Ismaila Coulibaly,MID,Sheffield Utd,0,0,0,0,0,0,0,0,0,0,0,0,,0,0%,0,0,0,0,0,0,0,0,0,0%,0,0,0,0,0,0%,0,
459,John Egan,DEF,Sheffield Utd,0,0,0,0,0,0,482,2,0,0,0,5,17,6,67%,13,21,21,21,14,9,0,183,0,0%,5,6,0,,,,,
460,John Fleck,MID,Sheffield Utd,0,0,0,0,0,0,89,1,0,0,0,4,,1,0%,0,5,5,10,2,7,0,40,1,0%,1,2,0,0,0,0%,0,
461,Wes Foderingham,GKP,Sheffield Utd,0,4.67,0,1,1,84,1620,2,0,0,3,23,79,,,,,,,,,0,943,,,228,1,,,,,,133
462,Daniel Jebbison,FWD,Sheffield Utd,0,0,0,0,0,0,0,0,0,0,0,1,,0,,0,,,,,,0,3,0,,,0,0,0,0,0%,0,
463,Oliver McBurnie,FWD,Sheffield Utd,2,0,0,0,0,0,587,1,2,6,0,15,,17,,5,,,,,,3,398,3,,,19,1,33,17,52%,7,
464,Iliman Ndiaye,FWD,Sheffield Utd,0,0,0,0,0,0,0,0,0,0,0,0,,0,,0,,,,,,0,0,0,,,0,0,0,0,0%,0,
465,Rhys Norrington-Davies,DEF,Sheffield Utd,0,0,0,0,0,0,0,0,0,0,1,3,6,1,100%,1,4,4,7,1,1,0,54,0,0%,1,3,0,,,,,
466,Oliver Norwood,MID,Sheffield Utd,1,0,0,0,0,0,1177,5,0,1,2,19,,41,63%,21,98,65,63,14,17,0,855,1,31%,68,15,0,15,6,40%,0,
467,Oliver Norwood,MID,Sheffield Utd,1,0,0,0,0,0,1177,5,0,1,2,19,,41,63%,21,98,65,63,14,17,0,855,1,31%,68,15,0,15,6,40%,0,
468,Ben Osborn,MID,Sheffield Utd,0,0,0,0,0,0,298,2,0,0,2,18,,22,41%,8,80,44,55,6,22,2,506,1,21%,23,8,0,4,0,0%,0,
469,William Osula,FWD,Sheffield Utd,0,0,0,0,0,0,446,4,0,0,1,17,,2,,2,,,,,,0,90,1,,,15,0,21,8,38%,2,
470,Yasser Larouci,DEF,Sheffield Utd,0,0,0,0,0,0,276,1,0,0,0,9,11,17,53%,7,34,33,25,1,4,0,165,1,0%,2,5,0,,,,,
471,Femi Seriki,DEF,Sheffield Utd,0,0,0,0,0,0,0,0,0,0,0,0,0,0,0%,0,0,0,0,0,0,0,0,0,0%,0,0,0,,,,,
472,Antwoine Hackford,FWD,Sheffield Utd,0,0,0,0,0,0,11,0,0,0,0,2,,0,,0,,,,,,0,2,0,,,0,0,0,0,0%,0,
473,Gustavo Hamer,MID,Sheffield Utd,2,0,0,0,2,0,1363,4,0,4,3,26,,39,54%,29,162,90,154,6,16,6,982,10,29%,42,50,0,49,15,31%,1,
474,Gustavo Hamer,MID,Sheffield Utd,2,0,0,0,2,0,1363,4,0,4,3,26,,39,54%,29,162,90,154,6,16,6,982,10,29%,42,50,0,49,15,31%,1,
475,Tom Davies,MID,Sheffield Utd,0,0,0,0,0,0,57,1,0,0,1,7,,10,50%,3,21,17,24,3,3,0,92,0,0%,2,7,0,4,1,25%,0,
476,Ryan Oné,MID,Sheffield Utd,0,0,0,0,0,0,7,0,0,0,0,1,,0,0%,0,1,0,0,0,0,0,1,0,0%,0,0,0,0,0,0%,0,
477,Jili Buyabu,DEF,Sheffield Utd,0,0,0,0,0,0,0,0,0,0,0,0,0,0,0%,0,0,0,0,0,0,0,0,0,0%,0,0,0,,,,,
478,Sydie Peck,MID,Sheffield Utd,0,0,0,0,0,0,9,0,0,0,1,0,,0,0%,0,1,0,0,0,0,0,1,0,0%,0,0,0,0,0,0%,0,
479,Brandon Austin,GKP,Spurs,0,0,0,0,0,0,0,0,0,0,0,0,0,,,,,,,,,0,0,,,0,0,,,,,,0
480,Rodrigo Bentancur,MID,Spurs,0,0,0,0,0,0,88,1,0,1,10,10,,23,65%,17,54,65,83,14,22,1,787,0,11%,20,20,0,18,5,28%,1,
481,Yves Bissouma,MID,Spurs,0,0,0,0,6,0,1211,5,2,0,15,9,,80,65%,37,128,152,111,14,15,0,"1,834",0,0%,42,35,0,24,5,21%,1,
482,Eric Dier,DEF,Spurs,0,0,0,0,0,0,191,0,0,0,2,2,8,2,50%,2,7,6,5,3,5,0,141,0,0%,2,0,0,,,,,
483,Pierre-Emile Højbjerg,MID,Spurs,0,0,0,0,1,0,607,3,0,0,20,11,,32,56%,19,121,69,72,8,13,0,"1,383",3,7%,75,20,0,19,6,32%,0,
484,Dejan Kulusevski,MID,Spurs,5,0,0,0,6,0,1581,4,0,8,19,12,,62,53%,18,133,152,240,7,15,3,"1,132",14,25%,16,54,1,57,24,42%,4,
485,Hugo Lloris,GKP,Spurs,0,0,0,0,0,0,0,0,0,0,0,0,0,,,,,,,,,0,0,,,0,0,,,,,,0
486,Giovani Lo Celso,MID,Spurs,2,0,0,0,0,0,302,0,0,2,9,11,,22,59%,5,46,57,32,1,5,2,483,1,38%,18,12,0,13,6,46%,0,
487,Pedro Porro,DEF,Spurs,0,0,0,0,5,0,1527,3,0,3,19,11,54,91,69%,34,199,159,147,17,14,7,"1,865",13,19%,77,37,0,,,,,
488,Joe Rodon,DEF,Spurs,0,0,0,0,0,0,0,0,0,0,0,0,0,0,0%,0,0,0,0,0,0,0,0,0,0%,0,0,0,,,,,
489,Cristian Romero,DEF,Spurs,3,0,0,1,5,0,1170,4,1,5,19,9,42,66,61%,44,189,182,86,90,39,0,"2,586",1,0%,60,31,3,,,,,
490,Oliver Skipp,MID,Spurs,0,0,0,0,0,0,378,1,0,0,12,5,,18,67%,3,36,35,32,4,10,0,373,0,100%,14,8,0,4,1,25%,1,
491,Djed Spence,DEF,Spurs,0,0,0,0,0,0,0,0,0,0,0,0,0,0,0%,0,0,0,0,0,0,0,0,0,0%,0,0,0,,,,,
492,Japhet Tanganga,DEF,Spurs,0,0,0,0,0,0,0,0,0,0,0,0,0,0,0%,0,0,0,0,0,0,0,0,0,0%,0,0,0,,,,,
493,Destiny Udogie,DEF,Spurs,1,0,0,0,4,0,1232,5,1,2,16,6,40,68,49%,37,169,150,151,22,27,3,"1,214",3,5%,7,51,0,,,,,
494,Guglielmo Vicario,GKP,Spurs,0,3.17,0,0,5,57,1620,2,0,0,20,12,61,,,,,,,,,0,"1,371",,,85,0,,,,,,110
495,Alfie Whiteman,GKP,Spurs,0,0,0,0,0,0,0,0,0,0,0,0,0,,,,,,,,,0,0,,,0,0,,,,,,0
496,Manor Solomon,MID,Spurs,0,0,0,0,0,0,196,1,0,0,4,0,,3,,3,,,,,,2,85,1,,,2,0,7,1,14%,0,
497,Micky van de Ven,DEF,Spurs,1,0,0,0,4,0,945,1,0,3,15,7,38,49,71%,18,144,119,84,38,41,0,"1,783",0,0%,41,13,0,,,,,
498,Dane Scarlett,FWD,Spurs,0,0,0,0,0,0,0,0,0,0,4,0,,1,,0,,,,,,0,3,0,,,1,0,0,0,0%,0,
499,Alejo Véliz,FWD,Spurs,0,0,0,0,0,0,17,1,0,1,5,3,,1,,0,,,,,,0,10,0,,,0,0,2,1,50%,0,
500,Jamie Donley,FWD,Spurs,0,0,0,0,0,0,2,0,0,0,2,0,,0,,0,,,,,,0,1,0,,,1,0,0,0,0%,0,
501,Alfie Dorrington,DEF,Spurs,0,0,0,0,0,0,0,0,0,0,0,0,0,0,0%,0,0,0,0,0,0,0,0,0,0%,0,0,0,,,,,
502,Nayef Aguerd,DEF,West Ham,1,0,0,0,2,0,1416,1,1,1,7,10,44,26,54%,17,102,83,52,48,33,0,"1,164",0,0%,104,10,1,,,,,
503,Michail Antonio,FWD,West Ham,2,0,0,0,4,0,812,2,0,6,9,11,,15,,4,,,,,,2,268,1,,,25,2,30,14,47%,6,
504,Alphonse Areola,GKP,West Ham,0,3.47,1,0,2,52,1350,0,0,0,11,11,53,,,,,,,,,0,718,,,184,2,,,,,,138
505,Saïd Benrahma,MID,West Ham,0,0,0,0,1,0,482,1,0,0,6,4,,8,,5,,,,,,1,238,2,,,5,0,19,6,32%,2,
506,Jarrod Bowen,MID,West Ham,11,0,0,0,3,0,1527,1,0,16,13,11,,42,,19,,,,,,6,622,12,,,28,5,84,37,44%,13,
507,Maxwel Cornet,MID,West Ham,0,0,0,0,0,0,1,0,0,1,0,4,,3,,2,,,,,,0,48,0,,,2,0,4,1,25%,0,
508,Vladimír Coufal,DEF,West Ham,0,0,0,0,3,0,1616,4,0,0,14,14,69,64,64%,43,154,142,137,40,37,7,"1,229",6,24%,39,32,0,,,,,
509,Vladimír Coufal,DEF,West Ham,0,0,0,0,3,0,1616,4,0,0,14,14,69,64,64%,43,154,142,137,40,37,7,"1,229",6,24%,39,32,0,,,,,
510,Conor Coventry,MID,West Ham,0,0,0,0,0,0,0,0,0,0,0,0,,0,0%,0,0,0,0,0,0,0,0,0,0%,0,0,0,0,0,0%,0,
511,Flynn Downes,MID,West Ham,0,0,0,0,0,0,0,0,0,0,0,0,,0,0%,0,0,0,0,0,0,0,0,0,0%,0,0,0,0,0,0%,0,
512,Flynn Downes,MID,West Ham,0,0,0,0,0,0,0,0,0,0,0,0,,0,0%,0,0,0,0,0,0,0,0,0,0%,0,0,0,0,0,0%,0,
513,Lukasz Fabianski,GKP,West Ham,0,3.67,0,0,1,11,270,0,0,0,3,5,21,,,,,,,,,0,194,,,57,0,,,,,,33
514,Thilo Kehrer,DEF,West Ham,0,0,0,0,0,0,19,2,0,0,2,1,1,1,100%,0,0,2,4,1,2,0,7,0,0%,0,2,0,,,,,
515,Divin Mubama,FWD,West Ham,0,0,0,0,0,0,57,0,0,0,2,1,,0,,0,,,,,,0,22,0,,,1,0,1,0,0%,0,
516,Gianluca Scamacca,FWD,West Ham,0,0,0,0,0,0,0,0,0,0,0,0,,0,,0,,,,,,0,0,0,,,0,0,0,0,0%,0,
517,Kurt Zouma,DEF,West Ham,1,0,0,0,3,0,1413,2,0,3,13,13,63,23,74%,29,95,89,76,58,43,0,"1,143",0,0%,69,24,3,,,,,
518,Angelo Ogbonna,DEF,West Ham,0,0,0,0,0,0,138,0,0,0,6,3,14,11,45%,3,10,27,9,12,7,0,214,0,0%,9,1,0,,,,,
519,Angelo Ogbonna,DEF,West Ham,0,0,0,0,0,0,138,0,0,0,6,3,14,11,45%,3,10,27,9,12,7,0,214,0,0%,9,1,0,,,,,
520,Joseph Anang,GKP,West Ham,0,0,0,0,0,0,0,0,0,0,0,0,0,,,,,,,,,0,0,,,0,0,,,,,,0
521,Konstantinos Mavropanos,DEF,West Ham,0,0,0,1,1,0,316,1,0,1,6,6,27,28,57%,23,70,84,44,44,24,0,627,0,0%,40,15,1,,,,,
522,Mohammed Kudus,MID,West Ham,6,0,0,0,2,0,871,3,0,8,12,14,,65,72%,11,212,279,252,15,29,6,773,5,22%,44,39,0,67,17,25%,4,
523,Mohammed Kudus,MID,West Ham,6,0,0,0,2,0,871,3,0,8,12,14,,65,72%,11,212,279,252,15,29,6,773,5,22%,44,39,0,67,17,25%,4,
524,Tommy Doyle,MID,Wolves,0,0,0,0,1,0,289,1,0,0,8,14,,26,50%,12,93,31,31,0,4,0,911,1,21%,75,11,0,14,3,21%,0,
525,Tommy Doyle,MID,Wolves,0,0,0,0,1,0,289,1,0,0,8,14,,26,50%,12,93,31,31,0,4,0,911,1,21%,75,11,0,14,3,21%,0,
526,Rayan Aït-Nouri,DEF,Wolves,0,0,0,0,1,0,995,4,0,2,12,17,43,71,62%,15,136,207,166,21,25,1,"1,038",3,20%,23,25,1,,,,,
527,Bendegúz Bolla,DEF,Wolves,0,0,0,0,0,0,0,0,0,0,0,0,0,0,0%,0,0,0,0,0,0,0,0,0,0%,0,0,0,,,,,
528,Luke Cundle,MID,Wolves,0,0,0,0,0,0,0,0,0,0,0,0,,0,0%,0,0,0,0,0,0,0,0,0,0%,0,0,0,0,0,0%,0,
529,Craig Dawson,DEF,Wolves,0,0,0,0,3,0,1489,5,0,1,10,10,38,30,67%,16,100,111,66,63,32,1,"1,272",2,0%,100,20,0,,,,,
530,Fábio Silva,FWD,Wolves,0,0,0,0,1,0,259,2,0,0,2,5,,7,,2,,,,,,0,75,0,,,8,0,7,3,43%,2,
531,Joe Hodge,MID,Wolves,0,0,0,0,0,0,0,0,0,0,0,0,,0,0%,0,0,0,0,0,0,0,0,0,0%,0,0,0,0,0,0%,0,
532,Joe Hodge,MID,Wolves,0,0,0,0,0,0,0,0,0,0,0,0,,0,0%,0,0,0,0,0,0,0,0,0,0%,0,0,0,0,0,0%,0,
533,Ki-Jana Hoever,DEF,Wolves,0,0,0,0,0,0,0,0,0,0,0,0,0,0,0%,0,0,0,0,0,0,0,0,0,0%,0,0,0,,,,,
534,Sasa Kalajdzic,FWD,Wolves,2,0,0,0,1,0,158,0,0,2,3,5,,6,,1,,,,,,0,59,2,,,6,0,4,2,50%,1,
535,Mario Lemina,MID,Wolves,3,0,0,0,2,0,1381,7,1,4,11,17,,90,64%,41,199,174,146,35,42,1,"1,439",3,27%,59,43,3,48,18,38%,4,
536,Pablo Sarabia,MID,Wolves,1,0,0,0,3,0,527,1,0,4,12,14,,20,65%,10,90,69,110,7,22,7,829,9,29%,33,21,1,46,18,39%,4,
537,Santiago Bueno,DEF,Wolves,0,0,0,0,0,0,110,0,0,0,3,7,18,13,54%,6,30,34,44,16,26,0,476,0,0%,14,10,0,,,,,
538,Enso González,MID,Wolves,0,0,0,0,0,0,0,0,0,0,0,1,,0,,0,,,,,,0,6,0,,,0,0,0,0,0%,0,
539,Jean-Ricner Bellegarde,MID,Wolves,1,0,0,0,0,0,460,0,1,2,8,11,,17,59%,8,41,66,78,8,27,1,281,1,10%,5,10,0,15,5,33%,0,
540,Jean-Ricner Bellegarde,MID,Wolves,1,0,0,0,0,0,460,0,1,2,8,11,,17,59%,8,41,66,78,8,27,1,281,1,10%,5,10,0,15,5,33%,0,
541,Matthew Whittingham,MID,Wolves,0,0,0,0,0,0,0,0,0,0,0,0,,0,0%,0,0,0,0,0,0,0,0,0,0%,0,0,0,0,0,0%,0,
542,Tawanda Chirewa,MID,Wolves,0,0,0,0,0,0,0,0,0,0,0,6,,7,43%,1,3,11,13,1,3,0,53,0,50%,1,4,0,3,1,33%,0,
543,Justin Hubner,DEF,Wolves,0,0,0,0,0,0,0,0,0,0,0,0,0,0,0%,0,0,0,0,0,0,0,0,0,0%,0,0,0,,,,,
544,Owen Hesketh,MID,Wolves,0,0,0,0,0,0,0,0,0,0,0,0,,0,0%,0,0,0,0,0,0,0,0,0,0%,0,0,0,0,0,0%,0,
545,Owen Hesketh,MID,Wolves,0,0,0,0,0,0,0,0,0,0,0,0,,0,0%,0,0,0,0,0,0,0,0,0,0%,0,0,0,0,0,0%,0,
546,Ty Barnett,MID,Wolves,0,0,0,0,0,0,0,0,0,0,0,0,,0,,0,,,,,,0,0,0,,,0,0,0,0,0%,0,
